ride_id,location,ride_duration_min,ride_distance_km,traffic_condition,weather_condition,ride_timestamp
19b1cc2f-c3e3-47fe-90ca-34659607baba,Vilnius,42.78,27.1,Low,Rainy,2025-01-01 11:28:40
0cb88b96-62de-4484-8036-327ec4ecb365,Zurich,10.12,48.14,Low,Cloudy,2025-01-02 07:55:00
e183628c-0159-4839-ba0d-657f7e6c93b9,Vienna,6.62,6.36,High,Cloudy,2025-01-01 00:47:38
1ca29f57-c36f-4448-9b8e-308023a2c00f,Paris,50.26,44.83,High,Cloudy,2025-01-02 16:05:47
e4640f6e-1306-4329-83ec-0e737d6560a5,Warsaw,16.54,49.58,Medium,Clear,2025-01-02 10:46:47
f6601b88-cdfc-436d-9152-fae3d57e1d15,Geneva,25.85,4.01,Medium,Snowy,2025-01-01 12:58:33
67b00af8-b022-4dfb-ab5d-36b5d8cf1247,Vilnius,58.54,44.26,High,Clear,2025-01-02 00:19:38
761eb0a5-3cd4-4904-8731-2cc71e46de64,Bucharest,23.53,26.29,High,Rainy,2025-01-01 15:05:36
5f40476c-39f4-4cfd-8c45-d5b0605e5935,Budapest,21.31,45.42,Low,Clear,2025-01-02 17:29:32
7d906aeb-988d-4e48-85c6-ff20f9d29d7c,Lisbon,55.5,28.99,Low,Clear,2025-01-02 19:12:32
5338f222-c649-4669-bf70-c1eb3c19d140,Paris,11.09,33.44,Medium,Clear,2025-01-02 06:34:59
0c2a82d4-23f0-4b59-a2e7-5f74ae6db4e9,Paris,46.78,27.65,Medium,Rainy,2025-01-02 06:37:59
ab14e53e-fa8d-4761-b0ce-9edecabef0fc,Copenhagen,59.34,43.36,High,Cloudy,2025-01-02 11:45:03
0a49b135-5375-4e20-856a-e7ab7a000e8a,Geneva,54.57,36.96,Medium,Snowy,2025-01-01 17:02:26
1a390f15-f6b6-41b5-8f98-87bdb78eedf7,Oslo,40.84,26.54,Low,Snowy,2025-01-02 15:36:11
3d478d83-b804-4cb0-9027-034d051e3aea,Warsaw,22.27,43.54,High,Rainy,2025-01-01 22:28:23
40358763-a926-441f-876e-8d4dddaabfa7,Copenhagen,18.99,13.02,Low,Cloudy,2025-01-01 17:54:34
24be4e11-ef50-4d49-af40-44216874fb3c,Helsinki,50.06,8.71,High,Cloudy,2025-01-02 10:35:52
76c09fd9-2fdd-4577-9087-ae46dfb8dbd7,Athens,53.39,8.86,High,Rainy,2025-01-01 10:22:32
625df136-f97d-4654-929c-507a3a1d318a,Geneva,33.9,17.37,Low,Clear,2025-01-01 08:19:33
eaa360a3-fd96-4f16-bb12-f653bd77a2af,Tartu,18.44,12.7,Medium,Cloudy,2025-01-01 14:47:27
fc078eee-07a4-4966-95c3-3a204cfff239,Copenhagen,11.21,46.57,Medium,Snowy,2025-01-02 14:26:50
a66ca2a0-066b-4c56-ab70-d2ffc9f04a7a,Madrid,9.79,6.19,Medium,Rainy,2025-01-01 15:00:36
df326bb9-a4ce-48f5-b2fd-3034ec0f1ac7,Riga,44.55,35.25,Medium,Snowy,2025-01-02 18:08:25
a060c1d2-346f-4bcf-a3e5-b17586fa811c,Tartu,28.11,10.27,Low,Clear,2025-01-02 16:32:18
1f8064d7-703d-4bc4-be53-8350273e4e7f,Geneva,54.79,44.2,High,Rainy,2025-01-01 05:55:55
3bcf2070-6c7e-4a1c-934c-e8e540e8759b,Tallinn,45.68,48.1,Low,Snowy,2025-01-01 04:50:12
352f09b6-c667-4965-9dae-6334cc4877a3,Madrid,15.52,23.81,Medium,Snowy,2025-01-01 15:30:23
c1a47600-1fd5-4f8c-aaa7-7a7b6a95e1bb,Bucharest,38.76,44.07,Medium,Clear,2025-01-01 18:58:49
821453be-8d43-42b1-bfbd-64a9f5c4a229,Athens,28.95,1.25,Low,Rainy,2025-01-01 20:07:18
a100d0e6-983b-4707-96ea-a65b5b75ca99,Madrid,36.75,41.18,High,Cloudy,2025-01-02 08:14:29
0474fdd2-ec45-487b-90be-cee5a43ae3a3,Dublin,45.59,12.2,Low,Cloudy,2025-01-03 00:01:04
5b6342e4-5f55-4769-aeee-ffdf48d2c5d8,Brussels,49.34,45.53,Low,Snowy,2025-01-01 19:54:58
9c0992ae-4bce-4057-8432-48bf4e3831c9,London,51.41,1.05,Low,Clear,2025-01-01 00:35:12
f64d2379-c117-483b-a930-5051557979e6,Amsterdam,18.97,28.25,High,Snowy,2025-01-02 22:36:30
80b927b1-712c-4b0f-b538-805221f35008,Vienna,6.71,38.08,Low,Clear,2025-01-02 07:35:18
62187fe7-9ac2-404f-905d-331d3fe0c430,Vienna,45.66,13.68,Low,Cloudy,2025-01-01 16:03:04
06882b15-b811-4d73-bd77-1beef0b91df2,Budapest,10.85,10.46,Medium,Snowy,2025-01-02 05:47:48
b6560b5e-a89c-4d8e-b660-2768cae29eeb,Madrid,22.32,5.12,Low,Snowy,2025-01-01 23:47:40
e945d710-1bf3-4a30-a2fe-5982334d70b1,Lisbon,5.21,17.0,Medium,Clear,2025-01-02 10:29:09
8bd88037-8160-497c-a724-6e5c4a57b394,Zurich,42.49,28.43,Medium,Rainy,2025-01-02 15:28:31
84c9c5bd-b8b7-4c4a-9eb1-6939e689c647,Dublin,14.19,6.68,Medium,Clear,2025-01-01 05:08:11
bd646dd1-8ef5-4e7d-9631-5fa74bade72b,Helsinki,41.04,19.46,High,Rainy,2025-01-02 15:41:01
b9247af5-0e94-4a3e-8c1f-5ddb646e04a7,Stockholm,59.55,1.44,Medium,Cloudy,2025-01-01 18:31:00
036d3018-9884-4e3e-ae43-1256edbd81e8,Budapest,9.0,41.12,Low,Snowy,2025-01-01 02:28:48
de930e7c-cb43-4052-88bb-5b3f4ef5f30c,Vilnius,9.24,7.29,Low,Snowy,2025-01-02 17:28:57
689697c1-9f5b-445b-8257-e82fe4bb25f2,Geneva,23.72,14.88,Medium,Clear,2025-01-02 12:53:53
5623eebe-5eba-4e59-a376-54526b69c92e,Berlin,52.65,1.9,Medium,Clear,2025-01-02 10:19:04
e7cc89b1-3b35-41af-a879-624a951b9ad7,Vilnius,16.85,22.18,Low,Cloudy,2025-01-01 18:42:10
766a2f58-5020-4f5e-a8be-ffa50a15e5e7,Prague,24.82,42.17,Medium,Cloudy,2025-01-01 15:32:52
d577a3e6-ed55-44f1-add6-cfd5234a40d0,Oslo,8.77,20.22,High,Rainy,2025-01-01 04:18:30
56dba200-e22f-4933-9f5c-a7af7c02f26a,Dublin,46.97,9.8,Medium,Cloudy,2025-01-02 21:52:06
b0583e90-38b4-4ed1-b00f-060eeb5b1cd7,Rome,27.46,37.93,High,Cloudy,2025-01-02 01:53:23
1e66c5f6-44c6-4d51-ab4d-36128a7ea114,Prague,46.76,39.65,High,Cloudy,2025-01-01 17:34:30
67d71f1b-0959-4983-9fb5-e5232fc68bb7,Bucharest,54.7,9.51,High,Cloudy,2025-01-02 22:36:45
69001b68-504f-4421-9c17-1e03802dde40,Berlin,17.8,38.77,Medium,Rainy,2025-01-01 07:33:50
c426526e-7958-46e6-bf8f-148b720e33bb,Bucharest,49.41,47.42,High,Cloudy,2025-01-02 21:35:34
ad54883f-887c-4f24-834f-00b964bab91f,Geneva,8.25,9.15,High,Rainy,2025-01-01 05:14:12
a3ddfbf8-f9f3-416c-b81d-6ea488eae5c1,Tartu,54.44,38.78,Medium,Clear,2025-01-03 00:15:45
d21ae08b-9789-4940-b73b-83f0990c3ccf,Zurich,40.79,35.72,High,Snowy,2025-01-02 09:26:06
c8181c25-1342-401d-9af5-f081ed8c311d,Vienna,53.08,24.21,Medium,Clear,2025-01-02 10:12:49
b0f82b3c-ad31-4358-b7ee-1e516ebe9771,Vilnius,5.01,3.84,Low,Cloudy,2025-01-01 19:55:19
cf75ce3b-db07-4c80-8d5d-dcc671ddc278,Madrid,14.3,4.66,High,Snowy,2025-01-02 06:58:29
f2c502fb-fb29-4d34-b216-859223d80619,Warsaw,26.44,42.77,Medium,Cloudy,2025-01-02 15:25:19
089fec76-11c2-4b76-9fd9-e40ec1160af8,Vienna,25.87,49.52,Low,Cloudy,2025-01-01 13:44:03
12c14b9e-a731-4def-8144-dc01d7341f54,Helsinki,17.47,34.13,High,Clear,2025-01-02 08:45:54
1674e065-e951-4370-a07f-bd6ba19fa41e,Rome,25.99,22.85,High,Cloudy,2025-01-01 10:59:23
a2ff3242-28ed-40e4-9c05-e52dce070f1f,Brussels,12.09,32.73,Medium,Clear,2025-01-02 10:17:27
afe44599-3752-4e67-91f5-70366d96d1f8,Oslo,27.7,30.13,Low,Cloudy,2025-01-01 06:10:05
eb7a34fa-f8e1-4803-a45e-a1f5cf3ac728,Prague,49.13,19.8,Medium,Rainy,2025-01-01 11:55:54
f0698d75-37e1-452f-bc02-fd800c08c38c,Warsaw,31.35,4.22,High,Snowy,2025-01-01 16:46:49
265aa621-9cdf-49be-a425-e7ed8b6fe01e,Oslo,5.99,41.25,High,Clear,2025-01-02 06:33:27
3ae48942-a7dc-41f5-9f7c-4845d512d140,Tartu,28.18,19.22,High,Clear,2025-01-01 15:06:18
a543d780-736b-4147-9e43-a793c0d03228,Riga,6.49,41.12,High,Snowy,2025-01-02 11:48:26
59f9048e-f110-4ae9-ac9e-e0c643d5dff5,Athens,58.14,13.37,Low,Clear,2025-01-02 19:59:01
4aa9fbdb-f6d2-4a88-afb9-52dc4382eb69,London,12.01,1.05,Low,Snowy,2025-01-02 12:44:15
21361118-73a1-4d4b-8b68-59c496fe735d,Oslo,43.92,8.79,Medium,Rainy,2025-01-01 01:10:15
50ac0906-9dba-4b64-b003-4708c4265abd,Athens,58.5,23.96,Medium,Cloudy,2025-01-02 16:38:11
9be9f296-5ada-447e-a335-fae059875298,Prague,50.43,47.27,Medium,Rainy,2025-01-02 07:30:11
e9ba4465-190b-447d-9475-311860d99584,Bucharest,43.46,6.01,High,Cloudy,2025-01-01 21:42:00
69c1ae63-e9d1-4932-b2ee-290086e9a0d3,Madrid,51.17,42.86,Medium,Snowy,2025-01-01 18:10:06
6f32fe8e-0e99-41b7-a8b5-93022c8298d6,Tartu,59.0,26.82,Low,Rainy,2025-01-01 07:21:30
3235203d-285b-4e59-b0b9-c63fc5714fc1,London,39.17,41.47,Medium,Cloudy,2025-01-02 13:13:38
f1578946-2339-499b-bf69-043a1b2ea994,Oslo,35.76,15.62,Medium,Snowy,2025-01-01 14:20:36
f2afdf91-d712-466c-9cbd-c37490a36933,Rome,39.55,42.16,Low,Cloudy,2025-01-02 18:05:12
3f9c1dad-d1bc-4290-88ef-f37304dafeaf,Amsterdam,34.3,38.87,Low,Clear,2025-01-02 09:57:53
99135052-03a2-43f7-a3dd-2ebe4c4a4943,Vienna,39.93,12.27,High,Clear,2025-01-01 14:36:28
fca9380e-a7db-4b67-8cd5-f7765866632e,Warsaw,29.74,7.44,Low,Snowy,2025-01-01 18:59:32
be4206bc-26f8-4594-aa65-96f0923a57b0,Rome,17.01,43.53,Low,Cloudy,2025-01-02 17:07:02
ee1b3053-c30e-4125-b27c-6baff65a694e,Lisbon,11.61,48.2,Medium,Clear,2025-01-01 06:46:26
a6ee8886-08e3-486e-9f6e-0fa64dda860e,Dublin,8.76,2.53,Low,Rainy,2025-01-02 05:54:18
a5f32a8d-8fdb-4a0d-9c01-e1b0107ed8df,Warsaw,19.48,36.83,High,Cloudy,2025-01-02 00:41:49
9cec6c5e-b669-4df5-8026-02941ff5557e,Geneva,7.54,45.57,Medium,Cloudy,2025-01-02 18:40:11
978da4a0-f059-4454-a3e2-1ddf7ebc537d,Amsterdam,36.19,43.01,High,Clear,2025-01-01 17:41:04
1af5733a-a40b-4377-bec7-d0650f03c891,Barcelona,20.61,48.26,Low,Clear,2025-01-01 00:01:53
71312e76-dc33-4336-a3b0-8db2e4693082,Prague,50.35,38.24,High,Snowy,2025-01-01 07:14:21
44db87f9-3272-41b7-a2cd-5bd9b1ded6d4,Vienna,9.08,22.67,High,Cloudy,2025-01-01 19:38:51
821b8502-ef04-4f60-8a02-4c2c1dbe7170,Geneva,17.45,16.29,Low,Rainy,2025-01-02 06:04:23
cecc2243-b6f0-4a60-90b7-e3c2a910f955,Copenhagen,45.16,16.72,Low,Clear,2025-01-02 21:33:13
71825e7e-0083-4442-9f56-6095d0e36bf4,Bucharest,37.93,36.5,Medium,Cloudy,2025-01-02 18:43:12
f5ba97be-1464-4879-996c-9617c516a3e2,Dublin,8.55,37.55,Medium,Clear,2025-01-01 23:11:38
86689fa6-1347-4fec-b562-1db4e86c4432,Barcelona,53.25,10.82,Medium,Snowy,2025-01-01 23:37:25
15e8aa3a-d4fa-4f7f-ac89-1948a9622504,Berlin,53.25,43.54,Low,Cloudy,2025-01-02 20:40:06
7bd2a5e3-03b0-4b05-85e8-008539064450,Vienna,23.17,36.03,High,Cloudy,2025-01-01 03:24:04
5699572c-9be7-4238-94a5-f6bbca9ac2ea,Barcelona,23.72,28.57,High,Snowy,2025-01-02 15:56:49
9b2828a9-5e91-48e6-8249-830c8bfcf532,Tallinn,59.4,24.11,Medium,Rainy,2025-01-01 00:56:36
fb5fe123-3f2d-4dd6-8977-e58f11480072,Dublin,39.44,27.62,Medium,Clear,2025-01-01 14:06:35
17093e12-eb09-45cf-a218-b651d95f79c9,Vilnius,34.22,8.8,Low,Snowy,2025-01-01 07:19:38
cc99a8dd-14d1-46d0-9b74-f44e412e3209,Berlin,51.1,10.98,High,Cloudy,2025-01-01 04:07:59
58e2b513-7f07-4abf-be73-1abb43d59a79,Copenhagen,20.69,5.47,Medium,Snowy,2025-01-02 04:01:34
5adea1b1-d73f-413c-ac55-32c766757537,Tallinn,28.61,8.53,Low,Cloudy,2025-01-02 06:14:25
29abd02b-a645-4234-8bac-801aaac2cf61,Madrid,19.73,23.23,Medium,Snowy,2025-01-01 12:53:55
b423c026-b1bf-406e-b89a-e4391d0f7462,Warsaw,48.4,26.99,Low,Rainy,2025-01-01 21:46:08
4af6aa69-aab2-4787-aff8-1823d061cdae,Copenhagen,36.53,1.88,High,Cloudy,2025-01-02 16:16:10
6f46f950-c359-4e89-a05d-5dc746f3a4b5,Paris,41.24,40.04,Low,Snowy,2025-01-01 02:36:53
36522b0c-5c75-4443-b2fc-4a4f5c6f4f6a,Budapest,18.88,15.41,Medium,Rainy,2025-01-02 20:40:09
20d140ec-d477-41c6-9f77-d174cb578154,Brussels,17.11,45.68,Medium,Rainy,2025-01-02 13:16:32
a06c8799-412c-4efd-8f9f-f02e07560769,Warsaw,31.86,48.41,High,Clear,2025-01-02 13:31:41
2dad13f6-46d1-4bae-b5bf-7da38f05c53d,Helsinki,45.57,10.09,High,Cloudy,2025-01-02 12:37:54
f6d597cd-7571-4135-88b4-edc3fd77c813,Helsinki,33.89,23.64,Medium,Clear,2025-01-02 11:34:19
22f39026-a2ec-48e9-8e44-021cf5a0e988,Tallinn,6.8,1.06,Medium,Rainy,2025-01-02 16:46:34
70c796e7-6ddf-4b33-af50-a829d5b4955c,Stockholm,52.77,30.32,Medium,Clear,2025-01-02 06:57:43
35ff7ba0-d79f-4b83-b62a-cb94d5930550,London,8.56,30.76,High,Clear,2025-01-01 18:31:55
08d205fb-085a-4f7c-897d-3e5d15ccb166,Vilnius,57.57,13.13,Medium,Snowy,2025-01-01 14:47:10
e101c9b8-319f-4ffb-9847-bb3bb36c0d6f,Bucharest,6.38,28.36,High,Clear,2025-01-01 08:13:41
7ac987e0-05a8-4071-bb3d-549def35c213,Berlin,43.19,12.05,Medium,Rainy,2025-01-02 12:01:39
0179977b-48b8-4ea7-a40f-5db9a3f4a709,Vilnius,9.52,8.88,Low,Clear,2025-01-02 04:15:51
0ae1dfe7-ba6e-4220-aab7-5ae32a5dba58,Berlin,55.09,32.92,Low,Cloudy,2025-01-02 05:42:12
d6e60252-fc57-4009-b570-57025858569a,Warsaw,30.54,16.97,Medium,Snowy,2025-01-02 18:28:18
4568206e-90ee-47cc-9428-8adac98c8079,Madrid,12.56,29.92,Low,Rainy,2025-01-01 21:26:56
5a50ea8a-3dc6-42e0-9ae1-b168338ba77c,Tartu,23.74,22.23,High,Clear,2025-01-01 03:34:17
8ab5e5d9-9487-4002-8070-3946458c7dc5,Tallinn,14.07,49.23,Low,Cloudy,2025-01-02 01:21:38
95cdc770-f088-4714-b6b6-5a7150e381f6,Amsterdam,14.38,8.33,Low,Rainy,2025-01-01 01:22:08
2e13678d-2fc8-42ae-b708-17c18450472d,Lisbon,57.15,23.77,High,Clear,2025-01-01 16:49:01
0bf545a1-434b-46d1-b663-dc7d0ba075db,Lisbon,29.49,34.34,Low,Snowy,2025-01-02 04:05:51
0012b1e9-96a5-45b7-985b-b5acbc53f045,Copenhagen,48.38,20.38,Low,Clear,2025-01-01 16:30:12
64561c73-0e84-4a48-938a-ef0fa1158e9e,Stockholm,40.18,48.76,Medium,Rainy,2025-01-02 15:17:06
51a25882-831c-4d80-aeab-72be053b9808,Helsinki,42.2,36.37,High,Rainy,2025-01-01 02:11:39
88251e50-ee9e-4f32-9dc4-bea79e873a58,Madrid,12.24,33.19,High,Rainy,2025-01-02 08:50:38
bf4feee9-82cf-4657-ac33-52c3a8a37157,Warsaw,17.88,38.1,Medium,Cloudy,2025-01-02 08:27:04
a8d9e91f-20b0-4eb9-afda-e45cbde53f79,Athens,48.27,47.68,Medium,Clear,2025-01-01 20:48:55
849530a0-bbfd-4b7d-9e32-0a9caa0f594d,Helsinki,58.39,45.48,Low,Clear,2025-01-01 13:55:18
27c1f6d8-9a03-4bd0-8094-976aec9171a3,Tallinn,19.45,36.49,Low,Clear,2025-01-01 02:56:07
d5e9f332-3c0e-407a-8bf2-985d666d26e6,Helsinki,19.94,37.71,Low,Snowy,2025-01-02 11:21:25
eedb7497-b381-4acb-bac5-287731c22f32,Stockholm,31.01,8.15,Medium,Cloudy,2025-01-02 14:43:42
1f552399-2a66-4c5d-96d9-ad8b8319812c,Vienna,59.11,6.04,High,Cloudy,2025-01-02 16:45:30
7d1d0b69-c48f-405e-9857-4a5b0bb0d2d4,Rome,19.79,28.97,Low,Snowy,2025-01-02 04:50:37
bd8b1fb7-691d-4056-8dff-23642f6eee22,Helsinki,27.38,1.9,Medium,Cloudy,2025-01-01 12:41:31
2bd1ee23-0f60-459a-93a9-8ddbddec56ae,Tallinn,54.03,24.64,High,Snowy,2025-01-03 00:04:10
e37bfd67-47df-479b-94a6-a544a931bfd1,Stockholm,5.16,11.31,Medium,Rainy,2025-01-02 08:17:41
149f8ab6-50e2-4f76-85ac-10af01b0bf18,Bucharest,7.19,17.95,Low,Rainy,2025-01-01 15:31:51
07d18d7f-e837-47ec-8a50-943c0c472e36,Lisbon,38.22,39.01,Medium,Cloudy,2025-01-02 16:13:13
1302bf8a-e219-4652-bc48-4b0c52a69bcb,Rome,54.91,47.12,Medium,Rainy,2025-01-01 19:11:00
95e54efa-3b86-46c8-bdff-3c2aa3f0e06e,Vilnius,18.14,4.55,Medium,Rainy,2025-01-02 09:51:59
3ced9c15-cfa4-4f92-8aba-d0cee95fd701,Berlin,30.83,27.18,Medium,Rainy,2025-01-01 15:06:25
3c16f394-b4b1-4ef9-ac50-2bad752be466,Vienna,29.78,44.24,High,Clear,2025-01-02 17:16:35
c1922325-2030-4ff3-a70c-4aeb27ee4b50,Vienna,31.01,5.04,Low,Rainy,2025-01-01 03:26:48
c3380076-a1f8-4af2-9952-b4a4e43469f1,Bucharest,39.24,41.4,High,Clear,2025-01-02 03:34:34
cdff94d9-be02-45ca-a13f-0bcc6943ca42,London,30.84,18.53,Medium,Snowy,2025-01-02 02:21:47
8e0c7e25-154e-4bec-9c06-66803a01e252,Barcelona,29.61,16.78,Medium,Snowy,2025-01-02 04:02:33
33eff812-1ebd-4a43-9824-db5df5bbde9c,Budapest,31.09,48.9,Low,Snowy,2025-01-01 13:54:07
8e81ae1e-8932-4287-8eda-16b729dba37f,Vilnius,37.5,10.84,Low,Snowy,2025-01-01 08:55:06
e4f40ca7-8cfd-41d6-b06c-8760c1ad1544,Brussels,34.54,34.97,High,Snowy,2025-01-02 20:27:55
f237ce4b-d22d-4027-a443-54556eb51a3a,Zurich,51.98,41.25,High,Rainy,2025-01-02 23:43:16
3af8e831-2f8c-456d-bceb-7977cbb59a63,Oslo,7.72,3.02,Low,Rainy,2025-01-02 19:19:41
fe359eeb-d928-46b6-93cd-43e241a654db,Stockholm,50.83,33.85,High,Rainy,2025-01-02 17:59:20
4d25ecda-4ae0-4eac-8dd0-cc7e9a3b8c3b,Lisbon,51.42,47.63,Medium,Snowy,2025-01-01 16:02:14
6ce67e48-df81-40c0-8449-503a93083aff,Vilnius,20.67,7.09,Medium,Snowy,2025-01-01 05:51:46
e7474275-ebe8-4ecf-ab79-8d1acddd3cf9,Barcelona,30.46,44.91,Low,Clear,2025-01-02 08:00:59
1e1b9b3a-25d1-4100-9d0a-937d5a2c76e5,Vienna,29.12,30.14,High,Cloudy,2025-01-01 18:57:17
c1480484-4d13-4ed4-bee8-0dd4d7df958e,Paris,17.02,31.21,Medium,Rainy,2025-01-02 08:44:49
96aefdb5-ba31-49e4-9067-ef5ea3cfb781,Oslo,26.82,31.03,Low,Cloudy,2025-01-01 15:55:58
944d8e42-3a29-4a25-b8be-9a934703d1b2,Barcelona,7.44,15.64,High,Snowy,2025-01-02 21:52:59
72ac404b-8053-46d3-8655-8609f5e1a069,Vilnius,20.28,46.82,Medium,Snowy,2025-01-02 23:23:34
3b1016fe-443c-47f9-a867-1ea64d271c73,Budapest,49.92,47.42,High,Snowy,2025-01-01 02:58:38
3585951f-a099-4c2b-899a-91f03ac46153,Athens,20.65,31.64,High,Cloudy,2025-01-02 03:07:40
42b9a004-d54e-42ee-bad9-336f267d5ab3,Tartu,50.0,39.39,High,Clear,2025-01-02 06:43:54
7e1f8235-6839-43a3-82ea-20263d23d56d,London,34.24,31.0,Low,Snowy,2025-01-02 21:08:07
6eba1f31-6e18-4d44-b2c6-9e5a811d3222,Barcelona,53.39,24.74,Medium,Clear,2025-01-01 00:01:11
1a69ca5e-41e9-45df-a029-ef0d4c365396,Dublin,36.61,33.38,Low,Clear,2025-01-01 19:19:21
b9c09555-d237-426e-83c0-0bf0670b654f,Geneva,6.63,28.1,Medium,Rainy,2025-01-02 03:41:58
c9e6647e-2813-42ee-a9d9-a2cfde6ab09b,Riga,42.15,30.28,Medium,Cloudy,2025-01-02 20:35:15
e97b4efb-e9cc-44a0-8a4f-7bc9b0e41df0,Madrid,7.47,39.41,Low,Snowy,2025-01-02 11:30:45
9cf7fab4-c54b-4949-968b-0d1c668287bc,Madrid,29.78,24.56,Low,Clear,2025-01-02 21:18:20
9b9c7dc7-4eac-40c9-9805-df8f6a972b4b,Zurich,56.12,3.0,Medium,Cloudy,2025-01-01 05:22:12
2a0d47bb-9737-4232-a0c9-02d7006a532e,Paris,14.09,9.04,Medium,Cloudy,2025-01-01 02:55:09
9f9a3527-98a3-42cf-8ff4-8d87234a73fb,Bucharest,26.44,22.49,Medium,Snowy,2025-01-03 00:15:26
9c645949-0b31-4175-8513-e8a9597cc46a,Lisbon,45.14,36.52,High,Rainy,2025-01-02 13:09:29
8b3142a8-5a0e-43a0-ad28-5b378421b629,Dublin,53.52,30.07,Medium,Rainy,2025-01-01 12:29:52
ca5d1bbb-1e4f-430f-8ac6-f9d5a7c6e37d,Vilnius,41.9,32.86,Low,Clear,2025-01-02 00:56:05
10c6c238-e4d0-4781-b41b-58ac379f3faa,Tallinn,19.2,24.48,Low,Rainy,2025-01-01 07:23:32
e53626b1-3ec4-4ee2-98d4-3294be4f28b1,Tallinn,42.1,31.17,Low,Rainy,2025-01-01 01:39:18
d6e3a3c4-ff89-40b6-b08e-a7cb74aab8dc,Dublin,21.32,17.12,Medium,Rainy,2025-01-01 05:14:13
4d233dae-86ea-490e-8666-2942164285ad,Dublin,44.51,24.04,Medium,Cloudy,2025-01-02 21:35:57
85739a14-30fe-4639-a97a-e48de43a842b,Zurich,57.47,37.47,High,Snowy,2025-01-02 12:37:50
b038c7b1-a632-467c-9b43-c86a863ec587,Barcelona,44.68,43.72,High,Cloudy,2025-01-01 08:32:39
d3255732-863c-44dc-b174-372b5c941860,Berlin,52.46,22.25,Low,Cloudy,2025-01-02 03:16:54
544e3974-4f73-463b-93bd-87c09d229fa1,Helsinki,5.12,3.14,High,Snowy,2025-01-01 22:47:49
c18ecc73-8e0f-4342-b432-b3276f68ab1f,Vilnius,44.47,8.92,High,Cloudy,2025-01-02 00:40:53
366f3b2c-c7e9-4cc5-8288-b0b6ef3c3eee,Riga,50.63,2.02,Low,Clear,2025-01-02 19:33:04
313b065d-eba0-4148-ab23-f47e27b7b366,Warsaw,7.23,33.01,Medium,Clear,2025-01-02 02:10:10
2ffb117a-f12c-4b86-96d0-e25e6716dfcb,Berlin,52.94,17.28,High,Cloudy,2025-01-01 14:14:22
42015442-958d-4edd-a6ed-32b05aab9b03,Stockholm,19.12,27.58,Medium,Rainy,2025-01-02 12:32:38
a4f28204-5764-44a5-a482-9c2f3c1764cc,Tallinn,41.59,25.17,Low,Cloudy,2025-01-02 18:15:44
af9ee103-a59a-445b-a852-6a7ddcd4a604,Budapest,49.02,4.99,Low,Rainy,2025-01-02 01:14:54
bb469fcd-101c-4931-b280-5f8099a16055,London,41.45,20.76,High,Cloudy,2025-01-01 22:35:14
b7dc69ff-3193-4b09-add9-8681f7cdefce,Madrid,10.08,11.81,Low,Clear,2025-01-01 05:25:14
e77aa7b9-1727-4c03-bdce-fda8ccb9939f,Copenhagen,37.8,21.5,Low,Rainy,2025-01-01 15:38:51
cbce69dd-df8c-43ab-9ec7-726759cc249d,Vienna,35.23,10.98,Low,Clear,2025-01-01 08:40:30
936568a1-d2d0-4709-8ce8-dbde03ccd2cd,Athens,54.52,42.18,High,Cloudy,2025-01-02 03:52:28
78233cbb-ecf7-4a49-8c35-138e6af31447,Copenhagen,27.23,9.54,High,Snowy,2025-01-02 18:21:24
593d61b6-2b65-4163-86f8-1415f6e5ef93,Berlin,22.66,48.08,High,Rainy,2025-01-01 12:43:52
6190f3de-9353-457f-a984-c4a50c821b64,Zurich,46.24,21.38,Low,Rainy,2025-01-02 13:52:37
6102a2c8-5fc7-48cc-abe7-7a1248fc2ceb,Brussels,27.7,42.47,Medium,Cloudy,2025-01-02 09:02:11
b0fed06b-f2b7-4452-bc97-062148240868,Brussels,40.54,31.81,Low,Cloudy,2025-01-01 03:47:40
391f2f63-4bc4-4b58-baac-9230c6da3de3,Bucharest,40.55,37.03,High,Rainy,2025-01-01 13:23:58
db33a6d1-6352-4aa3-adf1-6baca9de58a1,Zurich,53.84,38.62,Medium,Snowy,2025-01-01 16:26:17
aec19937-6744-4b70-afad-fa442d2ba74b,Madrid,37.93,25.74,Medium,Cloudy,2025-01-02 00:33:32
582a2d92-e7ef-467f-b013-79afd06a9293,Vilnius,32.62,27.62,High,Cloudy,2025-01-02 03:30:30
ef06ff01-cedc-4988-ba83-6d7f21988a56,Tartu,12.64,26.19,Medium,Cloudy,2025-01-02 17:28:17
c5965dae-a2de-4919-bf17-7d6a5ca3f791,Helsinki,11.37,29.81,Medium,Snowy,2025-01-01 15:18:53
5ad7a87b-95cb-4dea-98e3-172e387f227a,Brussels,13.49,2.44,High,Rainy,2025-01-01 12:12:26
e4c7284b-c103-4fda-9cab-72440cc016d2,Stockholm,14.45,20.38,Medium,Clear,2025-01-01 07:07:36
1ccbac48-d1fd-4bd2-8fe9-af417be301e4,Brussels,40.08,30.7,Medium,Cloudy,2025-01-02 01:59:02
56168cb1-3d0e-4502-9853-c164acfbe8f3,Copenhagen,45.75,30.29,High,Snowy,2025-01-02 12:49:13
61feec9f-8779-4468-98d4-b5dd07132fb8,Brussels,34.15,39.85,Medium,Rainy,2025-01-01 05:03:31
b366a9cb-9156-499e-ab76-5b02f31c14f1,Brussels,50.6,33.1,Medium,Rainy,2025-01-02 19:47:30
55f7f90d-f9a2-40a5-8cde-29a3aef9d7a2,Tartu,59.52,49.61,Medium,Snowy,2025-01-01 13:59:45
4af9038b-5d07-452b-a78d-3a0a1c285a49,Tartu,50.1,14.91,Medium,Cloudy,2025-01-01 12:21:17
f439079f-2dfd-4e0f-a31b-2fe7096f6e26,Athens,43.22,18.6,High,Clear,2025-01-01 10:03:25
f8ebd9cd-166c-4c03-bfea-232bac1f7c62,Lisbon,34.29,19.81,Low,Cloudy,2025-01-01 03:03:32
ee5b4785-ed62-4b9a-b04f-7132fc722ef3,Stockholm,29.69,23.82,Low,Rainy,2025-01-02 14:48:45
6cc910c4-0981-43f4-a309-34de8c79e087,Tallinn,9.64,41.96,Medium,Clear,2025-01-02 09:58:25
1d54634c-0dfc-4403-a1ce-f40264d51421,Tallinn,26.97,12.55,High,Cloudy,2025-01-01 18:52:27
acb8465b-424d-4b5e-8aec-2a72dbc60b72,Budapest,55.06,39.02,High,Clear,2025-01-02 20:35:15
b272d4f3-06a5-4af3-85cf-0627a7ed2052,Tartu,49.44,20.86,Medium,Snowy,2025-01-02 17:38:39
b500b0ff-b2fd-4eb2-a7ef-1934a12d6418,Geneva,16.88,30.49,Low,Cloudy,2025-01-02 22:25:22
a0e51536-3ea1-46ac-b9c8-f09054e1836f,Madrid,30.66,31.99,Medium,Rainy,2025-01-02 02:17:39
d8842587-ccc2-4f6f-abcf-a1fee4ab60db,Bucharest,49.92,19.27,High,Rainy,2025-01-02 03:14:00
181d5a56-ec24-41e5-baca-10c2ce564276,Riga,8.71,26.12,High,Clear,2025-01-02 08:44:26
52641efb-db5c-4643-abc5-fe777e261493,Lisbon,26.31,21.24,Low,Snowy,2025-01-01 10:20:42
535e8bc2-0c12-4181-ac2f-66d6ce5db7f4,Oslo,51.85,4.39,High,Cloudy,2025-01-02 07:25:48
a0b4045f-fe59-4c25-9994-589cab37a34c,Lisbon,27.21,22.42,High,Snowy,2025-01-01 17:40:40
edbc9d45-81c7-4822-bf55-73734efe7724,Paris,9.27,5.77,High,Snowy,2025-01-02 06:19:52
60a09165-39c6-4db7-9837-eb21158ce7b3,Copenhagen,34.84,20.85,Low,Clear,2025-01-01 18:13:24
061008fd-bf04-4a46-acd7-622c6195c2c9,Brussels,52.4,30.05,High,Clear,2025-01-02 11:05:26
99b59f09-639f-4c15-83f9-0cc90e791ccd,Riga,37.47,29.39,Medium,Cloudy,2025-01-01 17:29:48
dc524cfe-1404-4bf9-9feb-9972ae884c19,Copenhagen,17.45,33.47,Low,Rainy,2025-01-01 21:37:47
079ab6f9-f9d4-4832-b881-7684686222b7,Stockholm,26.13,5.67,Medium,Cloudy,2025-01-01 19:13:57
2e6d1a4e-ccca-4066-88ff-a9ca73a6cc52,Zurich,29.76,32.95,Medium,Snowy,2025-01-02 03:57:40
48af9a8b-01bf-40c3-9958-1e98f115533d,Tartu,36.86,16.3,Low,Clear,2025-01-02 01:56:09
44038099-b2a7-427c-8d1b-6fddb1c7dd8d,Riga,46.76,20.55,Medium,Snowy,2025-01-03 00:04:24
3611c947-e10b-4c13-b366-a83538e2ecfe,Athens,10.44,43.04,Low,Clear,2025-01-02 10:56:36
431170ac-5626-40f9-bc86-48623ade2b97,Paris,53.93,1.44,Medium,Rainy,2025-01-01 22:34:23
032dbba1-9e1c-4f18-ad2e-9042173714d5,Amsterdam,5.68,29.83,Low,Snowy,2025-01-01 21:12:58
dc7e72ad-ea9a-4239-8c8e-b953649601e7,Amsterdam,25.35,30.34,High,Clear,2025-01-02 15:12:11
621c6011-9d2c-4094-adc9-40fdc28024db,Tallinn,6.51,20.44,High,Cloudy,2025-01-02 12:57:51
8920b6e8-ee20-4385-bb13-a0f3b82bc1ca,Berlin,26.61,12.61,Medium,Cloudy,2025-01-02 03:51:38
d0a6b8c8-d22d-49af-a044-57f58bdc74a8,Riga,33.92,12.5,High,Cloudy,2025-01-02 03:11:16
8ceb21d5-3880-47e0-96e0-aefb71e3bf05,Amsterdam,33.14,44.3,Low,Snowy,2025-01-02 03:03:40
9fac5935-b249-4326-b390-42f11303f1cf,Helsinki,14.11,22.66,Medium,Clear,2025-01-01 19:55:09
bb92b780-ab50-4fc1-873f-d69a802bc42c,Zurich,40.52,17.21,High,Clear,2025-01-02 17:32:10
d412f03f-04f9-4791-a910-a67541ffd436,Oslo,7.46,22.99,High,Clear,2025-01-02 17:28:24
2fe6aae9-0f66-4e39-ac0c-02a89d0d1556,Budapest,46.9,33.8,Medium,Snowy,2025-01-02 16:18:33
83aa230b-03e7-4aea-a946-9369dfb74df6,Bucharest,57.07,8.14,High,Clear,2025-01-01 18:14:42
9503bce2-5847-446a-94f2-2e4bbd2799cc,Helsinki,23.69,23.02,High,Rainy,2025-01-02 16:57:55
7791e0fe-7d7c-4c6d-aa8b-37a6662bd44e,Budapest,33.45,29.81,Medium,Snowy,2025-01-01 14:41:32
f97de8ec-b554-4286-83ee-051d74e76882,Zurich,25.84,47.48,High,Rainy,2025-01-02 06:35:07
2162540e-4340-4d77-a930-57b6ca5257f0,Vilnius,5.37,13.37,High,Rainy,2025-01-01 18:34:56
903da01f-3ae3-4921-b4e0-72c6abca6dd1,Zurich,26.22,18.6,High,Cloudy,2025-01-02 15:46:24
100a5b52-f1ae-42aa-8093-d8bfa6e59fba,Berlin,48.54,19.59,High,Snowy,2025-01-01 07:53:09
72665c05-6463-4200-8e47-a208b2c50acd,Tallinn,37.78,30.67,Medium,Clear,2025-01-01 08:07:42
eac8663a-cdc6-4770-958c-5f2ef518af80,Warsaw,10.57,18.48,Low,Rainy,2025-01-02 04:02:11
143bb238-dbc0-44e5-81ab-78c68aa6dbdd,Vilnius,51.59,27.14,Low,Snowy,2025-01-01 16:17:03
b6b7f44a-91af-4aab-9a4a-85bee1448dd1,Prague,34.21,39.31,High,Clear,2025-01-02 08:15:37
2dd70e7c-b266-4e3d-bdf2-cbc5f1027f9c,Warsaw,51.29,35.56,High,Cloudy,2025-01-01 12:26:00
85d268dc-0436-4849-b051-17cba71fced7,Tallinn,36.91,22.87,Low,Snowy,2025-01-02 05:51:43
5833af73-49b5-4b04-b107-3984fb2d8593,Paris,35.78,43.35,High,Snowy,2025-01-01 15:55:22
59137cec-684a-4f3a-9220-2f6bd2036319,Dublin,10.79,28.35,Low,Snowy,2025-01-02 16:26:22
0d68619c-f7d8-4be2-b3c4-855eae5fc878,Dublin,14.2,27.46,Medium,Clear,2025-01-02 14:20:29
be26652b-f5d0-47bb-8910-546efa283424,Prague,58.46,2.68,Medium,Rainy,2025-01-02 00:56:25
0061c1d7-d014-4518-aa11-c9c12504a2d1,Lisbon,17.57,49.35,Medium,Rainy,2025-01-02 08:35:28
58ec22e3-1773-43ee-8598-8f9dd2a0ccd4,London,58.76,7.03,Medium,Snowy,2025-01-01 08:13:03
15fcf825-a0e6-430d-89a7-7d3facf4c345,Helsinki,34.26,12.33,Medium,Snowy,2025-01-02 01:38:47
72821c6e-64fb-4332-b80e-f240b0313637,Vilnius,12.47,3.53,Medium,Clear,2025-01-01 13:01:32
ec7de72d-2ad7-4b53-8422-fa10988f2622,Amsterdam,10.46,32.36,Low,Cloudy,2025-01-02 02:02:53
c6ba7918-5566-4447-9790-aa1c647f99d6,Bucharest,16.49,12.01,High,Snowy,2025-01-02 23:01:21
3bdaa47e-448c-486e-8b48-ac528f9c671b,Amsterdam,55.91,9.82,Low,Snowy,2025-01-01 13:45:11
035ddc12-ebdd-4725-92c6-51215326ca4f,Dublin,27.78,5.34,Medium,Cloudy,2025-01-01 14:56:58
a1dea773-a34a-4560-a862-b222b5df2caa,Zurich,26.75,6.06,High,Snowy,2025-01-01 07:56:48
52de6795-0c2c-44f5-a099-649b1ef19736,Brussels,22.23,29.65,High,Rainy,2025-01-01 07:58:30
652bd74e-dd30-4b8f-8b5a-2c94cd15a6d1,Tartu,13.09,34.72,Medium,Snowy,2025-01-01 13:13:26
34c40908-c10f-4656-964a-bf35b806f8aa,Tallinn,31.83,20.47,Medium,Rainy,2025-01-01 19:44:31
5e9b8604-d73b-4684-9700-18ae7dba2362,Amsterdam,12.15,24.51,Medium,Clear,2025-01-01 09:59:39
8a35ab03-21e1-4f1b-966b-c394edea09ba,Madrid,50.95,34.61,Medium,Clear,2025-01-02 09:26:05
793b32e4-1b48-4c20-9e04-49ac07b2aa8f,Stockholm,25.37,1.85,Medium,Rainy,2025-01-01 16:16:34
355f1b63-6d59-4ed3-b461-89fe637accb2,Stockholm,25.61,16.83,Medium,Rainy,2025-01-02 22:48:48
83f9d557-e30f-4b23-abf2-f02975cd7e34,Lisbon,31.07,48.68,High,Cloudy,2025-01-01 06:10:37
d3898ad4-6c84-43a0-8a12-7fe0f883bcd3,Berlin,29.43,29.43,Medium,Rainy,2025-01-01 18:25:41
1c48f7e1-bfe7-45e6-8be0-eab7bbef0d12,Berlin,59.72,13.46,Medium,Rainy,2025-01-02 19:23:49
1bc7991d-c1c4-4cc2-b9d8-98b9cd4ee516,Helsinki,35.0,26.56,High,Snowy,2025-01-01 17:20:47
b379926e-0194-4f47-a544-08f599fbef45,Budapest,9.85,17.79,Low,Cloudy,2025-01-02 14:35:07
15cde1d5-7ad7-445b-9351-61e4e92ff4f5,Amsterdam,38.38,27.08,Medium,Rainy,2025-01-01 02:01:20
8fd4f4ad-95dd-4139-8717-847fbbd28e0e,Amsterdam,13.34,7.16,High,Rainy,2025-01-02 03:17:37
49f7a55c-e178-4156-b543-754017011b90,Helsinki,6.7,7.5,High,Rainy,2025-01-02 10:03:06
aece2cfb-7b2c-4201-b80d-973be4fce5a4,Zurich,58.39,8.03,Low,Snowy,2025-01-02 23:56:14
b77a68bc-ea33-4d98-8e48-ece1e78716bf,Copenhagen,47.54,47.05,Medium,Snowy,2025-01-01 11:14:55
c8e109bc-4f0d-4de6-bfb9-6cbbfb606d42,Athens,58.91,36.91,Medium,Snowy,2025-01-01 07:16:41
00c37776-95f7-4c88-8ea4-ff16a8f5a460,Copenhagen,31.28,8.96,Medium,Clear,2025-01-01 18:50:49
ea86bcaa-4499-40e4-bb7a-b6db960c4d85,Tallinn,34.27,10.23,High,Snowy,2025-01-01 09:33:24
e9864ba6-5199-4150-b4aa-32a7e3632eab,Copenhagen,14.26,36.81,Medium,Rainy,2025-01-01 12:28:54
dd06d35f-ef27-4fe2-aa79-a6ab44bd7373,Zurich,18.58,8.65,Medium,Snowy,2025-01-02 17:49:27
8028f446-a8b0-4337-81cf-eed36310fb20,Paris,51.12,12.49,Medium,Snowy,2025-01-02 06:43:19
b6e1fbb8-202b-4189-9ad9-012f81f4068a,Brussels,24.59,48.2,Medium,Cloudy,2025-01-01 17:08:50
d19aa0d0-060e-4f70-8b74-8a3c3e6448af,Warsaw,50.47,13.51,Low,Rainy,2025-01-02 13:52:50
576dee96-71c3-47c2-8d5d-6cec4bff0d9b,Oslo,44.0,33.42,Low,Snowy,2025-01-02 05:08:01
43c38472-b91b-4bd4-8cc5-3d075c5262b4,Riga,14.74,48.95,Low,Clear,2025-01-01 00:38:39
763bd7b6-2cbb-4eaf-af10-b4d5c46d15ce,Warsaw,32.91,19.34,Medium,Cloudy,2025-01-02 16:53:46
41c81130-6194-4f4c-8b81-9b88f4e01e59,Zurich,42.26,1.86,Medium,Snowy,2025-01-01 09:46:29
a584eeb3-9057-4c84-8141-80e0842dbf91,Helsinki,17.93,12.96,High,Cloudy,2025-01-02 07:53:46
0417a08e-135c-4209-81db-a3515df0acb1,Amsterdam,50.69,41.71,High,Cloudy,2025-01-01 06:35:56
d1228f9e-9bd9-4c24-96e9-479ec5ac4f9b,Dublin,34.97,43.37,High,Clear,2025-01-01 10:21:33
afb0c476-e558-4eb4-a438-507f7a6022ea,Helsinki,14.09,38.66,Medium,Clear,2025-01-01 23:20:28
8fed654e-6066-4bfb-a2a4-780bd7202511,Dublin,37.06,6.54,Low,Clear,2025-01-02 12:16:36
f7157116-8cea-4412-98b5-cea41a4b9996,Prague,59.98,39.98,Low,Rainy,2025-01-02 07:56:20
92918ffb-3af8-41b6-808f-f4be72d7fbd9,Rome,13.28,46.02,Low,Cloudy,2025-01-01 06:40:23
0be427c3-f2e4-4742-a7f4-ecaca6429390,Prague,49.92,30.43,Medium,Snowy,2025-01-01 12:45:32
8db0f9a9-363d-4e19-81b6-fd18fcd4ae84,Tartu,16.4,47.1,Low,Clear,2025-01-01 05:01:24
8049cd55-f2e1-4885-a63e-3100fc121c8a,Athens,48.03,41.52,High,Clear,2025-01-01 21:56:18
3764eaf9-99b4-4c95-b799-0e0d38b3c2af,Helsinki,45.4,33.68,High,Cloudy,2025-01-02 09:14:16
74db328e-756a-4fb8-8a0c-f32465e23302,Amsterdam,21.53,29.28,Low,Cloudy,2025-01-02 02:00:17
3aba78ad-dd85-4a70-b44d-d5dc78cd4c1d,Berlin,22.92,18.08,High,Cloudy,2025-01-01 13:55:38
ac2d0849-6d44-4bc4-88fb-5b4de0b00e39,Oslo,48.59,8.81,Low,Snowy,2025-01-02 03:10:57
ce2dede8-4e0b-4873-b89e-e7bc3c9111b5,Tallinn,30.38,30.64,Low,Rainy,2025-01-01 15:08:04
72e46fad-3a83-4050-8046-a7d0923b85b7,Oslo,45.19,16.59,High,Rainy,2025-01-02 22:57:33
2bf6835d-35bb-45ed-8e18-d875a8ca4edb,Tallinn,13.14,43.46,High,Clear,2025-01-01 21:54:48
63a53187-5224-47d4-971b-70632d26ff66,Rome,51.89,49.67,High,Rainy,2025-01-01 00:10:37
a1c91e0f-1d1c-4726-a13b-667479fa9848,Geneva,44.1,37.87,High,Snowy,2025-01-02 18:47:12
5fd170cf-54f2-42a8-ac94-1991a6e03ad0,Amsterdam,54.88,5.43,Low,Rainy,2025-01-02 08:46:38
d3d1e8b2-210d-421f-9f9f-3451582a012e,Zurich,12.28,15.15,High,Snowy,2025-01-01 01:38:04
2a06a169-10b7-49ae-a8f0-80398ceec92a,Copenhagen,37.62,6.35,High,Clear,2025-01-02 06:18:18
193786d1-ea0d-4598-99ad-fa588b495aa3,Warsaw,37.95,32.88,Medium,Cloudy,2025-01-02 23:12:49
c9ecf6e8-fb10-4bd6-a477-1348d6b6a508,Vilnius,24.44,38.49,High,Snowy,2025-01-01 00:17:00
932316ad-0c9e-40b9-a7fa-fd7c851df640,Helsinki,30.22,46.36,High,Cloudy,2025-01-02 15:32:50
2bd9457f-2c53-48ae-b8e4-a06cb6467326,Brussels,7.09,22.47,Low,Clear,2025-01-01 16:02:20
d01e48f5-1b78-478d-a46f-7387511e4d65,Tallinn,46.02,45.17,Low,Snowy,2025-01-02 23:00:11
0a818c72-ed15-4705-9405-a2a981108762,Amsterdam,35.21,44.02,Medium,Snowy,2025-01-02 09:46:21
fb025166-dbfa-4722-a83a-5999df4cbc37,Madrid,8.18,16.54,High,Rainy,2025-01-01 21:02:20
629aa353-af68-46a9-b964-4579c4872a97,Budapest,42.44,43.58,High,Snowy,2025-01-02 12:02:08
a01c23d9-85ae-4ba1-ab6a-d0dc309fbe2d,Athens,30.67,19.41,High,Clear,2025-01-02 12:44:54
30454cd5-ee88-47a4-9fa7-e82052636a5f,Lisbon,6.9,15.55,High,Cloudy,2025-01-02 20:21:37
45e3ccf9-82e1-4460-935e-f84c319bd4fc,Athens,58.33,32.8,High,Snowy,2025-01-02 01:28:14
03fe45ee-f0dd-4da0-9d85-c6b334f92328,Rome,57.2,17.09,High,Clear,2025-01-02 18:54:46
bce7d015-7534-41c3-86a6-8a562f51d22c,Riga,33.21,31.88,Medium,Clear,2025-01-02 04:26:54
5092294e-0717-4b2d-b9a0-75a89f1182c4,Riga,10.15,30.88,High,Snowy,2025-01-01 23:23:18
0d69287f-7bc4-4315-8fb8-15792b7332b2,Barcelona,46.5,28.61,High,Rainy,2025-01-01 18:46:57
ee348f4f-810b-4178-bb2d-2104d9b63cf9,Budapest,32.06,19.64,High,Snowy,2025-01-01 18:06:09
fab3ac4a-3716-4b22-8b5b-8cc30df08ec6,Athens,21.63,27.88,Medium,Snowy,2025-01-01 06:17:59
a809d451-648e-403b-ba2d-01f653ff2557,Warsaw,32.03,30.23,High,Rainy,2025-01-02 03:23:36
e28cbc81-bf12-42fe-8de7-0960767e8ea1,Tartu,33.73,27.74,Medium,Clear,2025-01-01 04:44:38
f0437957-1090-4f0e-a9af-05fbbab6ab63,Geneva,35.95,22.78,Low,Snowy,2025-01-01 15:46:59
9f373f08-5666-4a7f-a196-af3f3a132f04,Tallinn,29.27,1.72,High,Rainy,2025-01-01 08:16:29
9fd7d4b3-0daf-436e-a4db-92432fa611ea,Vienna,38.32,29.77,Medium,Cloudy,2025-01-01 11:12:03
11ff7712-25a3-4fb0-9652-8ee5d6ec5a2c,Tallinn,55.53,9.25,Low,Cloudy,2025-01-02 22:34:13
13f13b77-4edd-4c24-a2e3-14b9ef37bff3,Stockholm,24.92,32.49,Medium,Rainy,2025-01-01 11:35:53
2f93f85f-0467-4c63-bb1d-bee5254465d5,Amsterdam,44.91,38.21,Medium,Clear,2025-01-01 21:03:40
a2f60a12-0e73-480e-a3c0-69c1c0002884,Budapest,54.19,25.52,Low,Rainy,2025-01-02 07:53:05
f3e096cf-6124-4e32-8dfa-625cc42991db,Oslo,30.08,27.58,High,Clear,2025-01-02 13:29:17
bbc63236-c180-4d23-a3e9-318d32b0f6fb,Helsinki,29.39,47.62,High,Cloudy,2025-01-02 23:34:17
e9f429fa-6a33-4384-9c63-a194185bb54a,Brussels,38.12,42.51,Medium,Snowy,2025-01-01 22:54:12
ba098f97-2829-4720-b028-817f968632f3,Brussels,37.53,45.8,Low,Rainy,2025-01-02 02:55:53
48f501b2-e494-4401-8ec6-49d6b3fb2bdb,Madrid,49.36,40.87,High,Cloudy,2025-01-01 10:32:09
417d93bf-41de-433d-80af-e7626381fb33,Rome,31.21,6.34,Medium,Snowy,2025-01-02 10:21:58
1d4fa5cb-e07d-4157-af1e-f20cb54a8273,Geneva,59.79,8.3,Low,Cloudy,2025-01-01 21:45:14
e20856fb-e090-4bd0-9550-bb5e70e9593e,Riga,8.27,26.8,Medium,Rainy,2025-01-02 13:54:57
23e86a7c-415c-463c-a11a-6af9d73d4088,Helsinki,5.17,13.06,Low,Rainy,2025-01-02 13:41:59
2bc3cb06-3822-4a36-afc1-b236d63b05a9,Berlin,40.21,24.36,High,Snowy,2025-01-02 18:37:33
6fbc176e-9430-4f29-a798-7a3d0ff8989b,Stockholm,21.41,20.32,High,Rainy,2025-01-02 06:17:15
7716eb39-a312-4266-8186-19fec96d9b48,Copenhagen,18.22,27.92,Medium,Cloudy,2025-01-02 10:16:24
045b7420-173b-4369-b09d-3553878a9a0e,Brussels,22.15,37.6,High,Snowy,2025-01-01 05:51:18
a7d2e987-b8de-4c51-a463-8f9abcae2578,Rome,19.08,36.06,High,Snowy,2025-01-02 12:19:01
bf89045c-d062-4abb-b733-0dbf52c7f5cc,Geneva,6.69,26.54,Low,Cloudy,2025-01-02 00:01:48
3b014fce-8651-498b-91b9-e543b15658ae,Helsinki,58.43,41.3,High,Clear,2025-01-01 07:15:35
0f8acc32-25a1-466a-a009-4096b5b3253e,Tallinn,17.14,22.11,Low,Snowy,2025-01-02 10:55:00
c1bd4dd6-dcd9-4829-9076-563e02500455,Zurich,45.37,44.94,Low,Clear,2025-01-02 23:14:19
6faad0d2-1be4-47ff-afa4-5c2587bc1ff9,Geneva,46.94,4.49,Medium,Cloudy,2025-01-02 05:44:11
c8ad9c2f-0753-4d86-9113-ab3921ca29b1,Lisbon,56.11,47.78,Low,Cloudy,2025-01-02 00:59:29
b1720eb7-36af-4d93-890b-3841e83ed031,Tallinn,6.68,33.08,High,Snowy,2025-01-02 15:27:03
e4d5ccaa-5d3e-4c7e-8ddf-bee5115182dc,Helsinki,52.96,19.62,Low,Rainy,2025-01-02 21:49:02
fb987e76-688b-4f2c-bd10-ec266225f6cb,Prague,34.0,10.66,Low,Snowy,2025-01-02 15:31:06
60e77594-ab76-4f44-8a2e-65dcfacad30d,Dublin,39.79,24.48,Medium,Rainy,2025-01-02 19:52:40
201afe06-15a9-46c0-ae00-b914abb3a6ce,London,40.45,10.53,High,Clear,2025-01-02 23:16:12
1f230d0c-fdae-409d-b4dc-cdf28d918c79,Athens,50.09,9.15,High,Rainy,2025-01-02 10:58:19
188ea5e4-f213-4fe4-94c8-fea4482afd17,Bucharest,23.34,31.25,High,Snowy,2025-01-02 21:27:09
0eaca5bb-866d-42fc-830d-c6041ff00049,Helsinki,45.32,26.63,Low,Rainy,2025-01-02 13:06:03
fe60bcf8-c9d9-4f25-a9eb-c1988e772a11,Warsaw,34.07,33.83,High,Cloudy,2025-01-02 07:41:49
b2b83c4e-24a1-48df-958e-9a75b73cddba,Rome,48.64,46.55,High,Clear,2025-01-02 14:21:20
10c72d89-8b81-468b-960f-780265c7b593,Copenhagen,59.48,27.08,Low,Cloudy,2025-01-01 20:05:43
d7a24689-33b4-4381-97ea-7ab14ac610f7,Prague,16.04,29.47,Medium,Cloudy,2025-01-01 14:08:08
34484a34-7752-42d2-898a-ead0fb214e07,Vienna,59.71,5.39,Medium,Cloudy,2025-01-01 06:30:51
07879b00-0f48-4451-b58c-1e9eccc5956c,Athens,9.94,36.16,Low,Cloudy,2025-01-01 07:24:55
d3e343fa-c0cf-4746-9ea0-57115996a5b5,Lisbon,5.13,20.6,Medium,Rainy,2025-01-02 03:43:20
b928f671-8270-4c95-89d4-7096ea5b0698,Tartu,7.43,48.86,Medium,Cloudy,2025-01-01 15:31:51
a39eb694-2ed5-455b-aa11-9db8e9f587d8,London,23.8,41.34,Medium,Rainy,2025-01-02 16:51:40
fb8041cb-2da5-4fc9-bc61-44277951f891,Tartu,39.81,26.6,High,Cloudy,2025-01-01 04:24:26
039c8c18-e01e-4b11-912f-30dbb594c6ff,Bucharest,8.8,7.04,Medium,Snowy,2025-01-01 12:43:37
3805f538-50d9-43b8-ab5f-cc029d2235e0,Brussels,5.31,43.11,High,Cloudy,2025-01-02 07:14:06
392b9633-a7c8-45ba-9be3-4d9d4d43b35d,Warsaw,56.54,40.19,Medium,Snowy,2025-01-01 16:05:18
2a89ab6d-12b3-4b8c-9c5f-70eee2749770,Tallinn,50.21,10.04,High,Rainy,2025-01-01 15:08:24
40460565-b166-417c-b64a-92bd0c9974dc,Berlin,49.51,15.47,Low,Clear,2025-01-01 05:16:48
77a8840b-a084-4771-87da-31be7d83895b,Paris,53.64,39.88,Low,Rainy,2025-01-02 08:23:09
fff8e424-0d41-4063-8e1a-e5a88dd6fcc4,Athens,43.5,10.08,Medium,Clear,2025-01-02 12:22:53
e221b5fc-3200-4e6e-9f27-9402ef27d959,Amsterdam,10.74,45.97,High,Clear,2025-01-01 13:07:12
825bb3c3-8023-43d3-a418-757a6353ddc0,Vilnius,26.95,21.8,Low,Cloudy,2025-01-01 10:09:29
1abb9bf8-76fd-4420-8694-e59915cd28dd,London,44.77,5.26,Low,Clear,2025-01-01 06:27:45
be89f292-1902-45ed-89d4-cf8dd0b0e379,Lisbon,20.42,40.97,Low,Rainy,2025-01-02 12:29:13
665a67cb-6e35-4540-a1a6-82c04320289b,Bucharest,42.81,19.3,Low,Cloudy,2025-01-02 12:02:19
5444e6f5-fab6-4b11-ad15-afa5ab0a6ef1,Helsinki,6.35,26.8,Medium,Clear,2025-01-02 03:13:10
10a27728-3a45-4d40-b1dc-644fb420f00a,Prague,21.84,6.5,High,Rainy,2025-01-02 22:28:25
a4f1df66-4d1f-41c0-9619-0e3af1203e61,Dublin,35.2,1.13,Low,Clear,2025-01-02 07:41:24
2a2d54b7-2c8a-41ff-9e29-cdd27d5fa4ba,Copenhagen,39.76,32.26,Medium,Clear,2025-01-01 17:06:46
79dae510-a8aa-41f0-a23a-fae0abda8bc5,Barcelona,36.74,26.24,Low,Cloudy,2025-01-02 11:26:19
7a182556-92b2-4853-b722-38e29b448438,Bucharest,43.38,30.08,Low,Cloudy,2025-01-02 00:12:27
3d06116b-f183-4c1f-a08f-1898c7ce0bb1,Vilnius,5.33,39.89,Low,Rainy,2025-01-01 12:58:44
c79d80e1-6e8e-4a3f-a1ef-f913d5040e1e,Dublin,10.55,32.68,Low,Cloudy,2025-01-01 12:33:50
54595d8b-36f4-4772-97da-f270d3619299,Oslo,52.79,9.56,Medium,Cloudy,2025-01-02 12:22:21
a57e657a-24f0-445a-b4d1-4e55266382d0,Barcelona,42.5,18.68,High,Snowy,2025-01-02 14:40:43
efb19163-5597-413e-b8ae-328d8d10f7f4,Zurich,11.21,45.39,Medium,Snowy,2025-01-01 04:17:14
6efa0c9e-d324-4c4b-8ff7-6c99550b6343,Tallinn,51.31,38.73,Medium,Rainy,2025-01-02 11:56:33
2ef09e5d-a78d-4c18-a433-c60ca8d97029,Warsaw,18.32,28.28,Medium,Cloudy,2025-01-01 10:33:47
9952e2f7-5058-46f4-ae28-75a2c3052cd5,Rome,31.3,13.53,Low,Rainy,2025-01-01 21:37:28
7d0edd8c-807b-4ca3-a022-ebae4aa23ff7,Amsterdam,12.99,15.8,High,Snowy,2025-01-01 07:14:09
b21c4045-6d3c-4054-8f6b-5d5a3f558d45,Rome,44.06,36.87,Low,Snowy,2025-01-02 23:23:06
83455438-652d-49c2-a3fa-f03484eb435e,Madrid,41.68,42.71,Medium,Snowy,2025-01-01 17:11:48
d004e06c-c997-43b0-bb32-6b34417df3fc,Budapest,16.61,33.9,Low,Rainy,2025-01-01 11:04:47
eeedac80-e7c3-4fef-b044-0df0f72f1943,Lisbon,52.49,40.67,High,Cloudy,2025-01-02 07:11:55
d03a0f95-19a2-4e8f-bf88-25e2074d2332,Vienna,27.07,38.57,High,Clear,2025-01-01 11:46:53
933f71c5-a024-4c14-8c56-11f43fd5fcdc,Tartu,21.09,8.34,Low,Cloudy,2025-01-01 22:51:30
a61a3541-11c3-41a2-a790-55977b2e884c,Tartu,13.38,21.77,Medium,Rainy,2025-01-02 07:54:33
abfd8370-9689-4e81-b69d-6d221b22c887,Lisbon,19.64,8.5,Low,Snowy,2025-01-02 16:07:46
37187c0e-51ad-4f15-9b4f-75d7ace41d4c,Athens,6.21,12.53,Medium,Clear,2025-01-02 18:07:55
81941b1e-77fd-42df-a463-97749c46a9f7,Budapest,37.08,43.59,High,Rainy,2025-01-02 14:13:53
16b6ee59-8b10-4027-a91d-2b07f27278ac,Dublin,51.32,24.17,Low,Snowy,2025-01-01 15:59:27
87668524-614d-465a-9c16-f6b129323738,Bucharest,35.19,27.23,High,Rainy,2025-01-01 11:57:10
dd8cb10c-28cf-47fa-9980-317839c44aba,Athens,17.06,9.74,Medium,Clear,2025-01-02 09:12:33
ee0d3d04-0699-42bb-97da-b9d76500dc4f,Bucharest,6.85,16.3,Medium,Snowy,2025-01-01 10:06:35
53c283cc-03b8-4426-ba67-80a155fca84a,Bucharest,16.8,12.28,Low,Cloudy,2025-01-01 12:47:35
f360d36f-7b5e-4031-be0b-49f3ba414666,Athens,27.89,11.1,Low,Rainy,2025-01-01 12:43:27
c1585504-ae6c-43c7-943c-bda6eaeedcbc,Brussels,46.78,32.26,Low,Clear,2025-01-02 13:19:41
fe67f9e4-fc21-40d4-b9db-e0a5698048db,Zurich,15.33,13.59,High,Cloudy,2025-01-01 20:02:08
7bd33430-2cc7-4db1-9a9b-b6b7229be4fe,London,44.59,31.97,Medium,Clear,2025-01-02 23:25:01
0eecac48-6ac3-4275-a638-76599304ec50,Riga,52.68,3.86,Medium,Rainy,2025-01-02 20:09:14
2a9b3ab0-8fdd-43c4-b1f3-8fe4d7822df1,Vienna,29.97,7.95,High,Clear,2025-01-02 09:32:59
c14a4109-72cb-4b8f-8631-bcc2dde8c046,Athens,50.18,14.45,Low,Snowy,2025-01-02 02:20:25
8d0e3df8-0ef3-4dd6-9b7e-83fd980af978,Paris,35.51,30.26,Low,Clear,2025-01-01 16:08:59
502f3ea6-334d-4e42-850f-3ba924eed6de,Stockholm,40.04,34.12,High,Rainy,2025-01-01 08:17:58
9c41dc59-aea7-4f30-9df6-eae222b04ff0,Tallinn,33.95,22.69,Medium,Snowy,2025-01-01 04:36:57
aac653be-adb2-479c-8567-e482e21f5aa8,Warsaw,30.47,22.84,Medium,Clear,2025-01-02 01:10:27
b26e7c68-8044-4cc0-8ce0-2df327835a88,Geneva,17.91,36.5,Medium,Clear,2025-01-01 00:29:37
15e4f6bd-6c69-49c4-a248-6a75221c1970,Madrid,21.68,1.78,Medium,Snowy,2025-01-01 06:42:05
dc71bb54-fadd-4314-bc7b-7574972e12ff,Madrid,20.95,17.71,High,Cloudy,2025-01-02 05:43:14
5f07eb3d-e8f0-43fa-9b71-c4993bd6201f,Stockholm,35.98,41.12,Medium,Cloudy,2025-01-02 12:24:55
51f64b98-0a66-411e-a39a-7d7ac7facb5e,Vilnius,11.6,30.56,High,Snowy,2025-01-02 18:57:24
fc99b80c-09d9-40c4-a754-50099011fb72,Oslo,55.42,17.52,Low,Clear,2025-01-01 03:16:11
0dbe4c48-610c-4f50-9184-11936971f7ef,Riga,44.64,45.37,High,Cloudy,2025-01-02 10:30:08
a3fce8fc-21ad-4f28-ba18-3c8e4cc6d4c3,Barcelona,27.08,38.86,Medium,Snowy,2025-01-02 12:53:55
8bc810e7-1374-488a-b5e7-174708231ee8,Zurich,13.72,13.98,Low,Rainy,2025-01-01 16:57:19
60c81a38-c3d6-4e9b-ad50-f398f746038a,Vienna,53.51,32.62,High,Clear,2025-01-01 01:53:25
14273c6b-a2d5-4849-a377-7ba3e4e8c50d,Helsinki,50.31,30.19,High,Rainy,2025-01-02 08:12:57
63ab66ac-41fe-4342-ad40-60f6eff8a2f0,Lisbon,44.69,20.66,High,Clear,2025-01-01 18:39:05
4ab9e9b2-c0d4-41f2-af55-f6fe2ba80aa6,Warsaw,19.94,18.98,Low,Cloudy,2025-01-02 06:45:21
c639b40b-aeb1-4f55-8145-45dedd443070,Zurich,27.13,17.83,High,Rainy,2025-01-02 23:04:12
9eac4d9b-59b0-419d-81e4-b8d45df9481d,Amsterdam,10.65,31.24,Medium,Rainy,2025-01-01 12:03:32
e36a1519-f16e-4e53-98f8-2273b918a727,Barcelona,15.4,22.68,Low,Snowy,2025-01-02 16:52:28
25603f97-b47f-4b93-8ac3-6991fa60eb85,Prague,48.07,41.76,Low,Cloudy,2025-01-02 07:06:28
3dd301fb-17b3-44cc-a6f0-1265f1608838,London,44.33,33.81,High,Cloudy,2025-01-01 02:51:28
dfaf8f7e-1a3a-40d1-88cc-365b040daaec,Budapest,37.64,4.43,Medium,Clear,2025-01-02 03:06:46
c5ac92e1-376b-4b8d-92af-1ad62fdb8cf5,Brussels,54.26,32.37,Low,Snowy,2025-01-02 12:54:17
6df8a5bb-044c-4938-ac4e-83b88120b2de,Copenhagen,37.08,14.29,High,Snowy,2025-01-01 14:28:51
ff408b10-5044-4492-8759-bc58f78fe551,Budapest,30.68,30.05,Medium,Clear,2025-01-02 00:11:50
304948b2-f26d-4551-aed1-fd1617580420,Bucharest,23.72,34.33,High,Rainy,2025-01-01 17:31:23
dfe2ccb9-e8a2-4b41-8fd0-9dec633d26a9,Lisbon,56.72,12.31,High,Clear,2025-01-01 14:35:49
819a7aff-9778-4617-aec0-e842a70ce8ad,Bucharest,9.55,23.39,Low,Clear,2025-01-02 01:29:31
74776ca3-922a-41c4-ac3c-d76b6ca563b2,Stockholm,56.2,10.33,Low,Clear,2025-01-02 18:04:47
b21f694e-3269-443f-b3fa-2ffbc0cdf45b,Bucharest,50.47,3.56,High,Snowy,2025-01-01 00:34:05
0aee5119-e0ef-41c2-96d0-e44a03539e85,Geneva,12.15,19.55,Low,Clear,2025-01-01 23:01:14
87a54823-c4b4-4a59-89d0-0e7e0e6ced88,Lisbon,36.07,18.78,Low,Clear,2025-01-01 14:50:41
8878e442-a658-43bd-8ab4-6a870b55a95a,Berlin,52.66,49.78,Medium,Clear,2025-01-02 14:53:17
4aa4ce78-0c58-40f8-876b-6d247f06e957,Madrid,36.45,22.87,Medium,Cloudy,2025-01-02 16:27:43
5cdd1cc6-8b68-49e9-9330-a326c065abdd,Geneva,54.9,17.34,High,Rainy,2025-01-02 23:38:16
be373353-29b5-4747-aff2-b80dd6ce1390,Tallinn,56.86,29.44,High,Rainy,2025-01-02 06:36:08
87ca83e4-59f2-4b88-a22f-c89645f788f5,Bucharest,28.23,5.35,High,Rainy,2025-01-01 15:45:07
17cabcc1-42eb-4fff-9a73-1124b378f6ad,Bucharest,25.75,48.12,High,Rainy,2025-01-01 17:01:55
2b3a7d1a-d5c3-4895-b0b3-89f22d5c6783,Tallinn,56.5,32.11,Medium,Snowy,2025-01-01 05:21:30
b1baf87b-919b-4e31-a4c8-9be5b3beff1d,Vienna,42.13,37.99,Low,Snowy,2025-01-01 10:28:26
6f645197-4481-4244-b0fd-148ac935672c,Tartu,11.38,9.35,Medium,Clear,2025-01-01 20:53:44
96d146f0-8964-4622-80b7-5846eb49d35c,Athens,7.33,21.06,High,Snowy,2025-01-01 08:59:56
2694c651-d389-452d-8bfd-d2cc8fff8222,Amsterdam,36.05,21.71,High,Rainy,2025-01-01 05:13:47
7b0205fa-caa1-4a13-bc09-b62b9850d55b,Dublin,56.16,41.27,Medium,Cloudy,2025-01-01 20:19:49
24e616d6-6121-4687-9b25-452c08205189,Warsaw,51.43,1.06,Medium,Clear,2025-01-01 20:39:24
1d06f2d2-a0b8-4b57-9698-c6f20ecc7d24,Barcelona,42.17,15.74,High,Clear,2025-01-02 20:51:51
4be1cde4-b565-49cf-9d27-9ee9008f423c,Geneva,12.65,49.08,Low,Rainy,2025-01-01 17:56:43
a8de7eb9-f413-486a-96b6-c5d97357c669,Tallinn,18.98,24.27,High,Rainy,2025-01-01 09:52:48
aef5a310-45a0-4807-87f0-b0dac487f312,Amsterdam,53.15,19.74,Medium,Rainy,2025-01-02 14:45:11
7a492110-8d3d-490b-b913-af92eea32849,Vilnius,15.05,6.87,High,Snowy,2025-01-01 22:17:43
5742e9c8-6c29-4e37-bb69-a363aa72f6b6,Stockholm,20.31,48.73,High,Clear,2025-01-02 10:54:49
fc981bb3-3f64-48c6-b0b9-9938a505857f,Athens,12.13,1.98,Low,Rainy,2025-01-01 20:53:48
90377e17-2eb8-4fea-ba93-8e48c0e2eaa4,Lisbon,42.19,37.12,High,Cloudy,2025-01-02 23:29:45
c0bb6d8a-ea9f-439c-9d6f-6fdc752113bf,Helsinki,56.92,38.66,High,Clear,2025-01-02 19:29:56
fa485b2e-dd5b-41d6-bc0c-a8f779f84090,Madrid,19.79,12.94,High,Clear,2025-01-01 06:00:42
1d705d91-3756-4ff2-b8ea-fc73b1c3fcde,Bucharest,31.15,33.91,Medium,Snowy,2025-01-02 07:34:43
1e8af80d-8836-452d-bd85-f3b0e8cfa99a,Amsterdam,39.89,5.55,Medium,Clear,2025-01-02 00:03:40
3e89b7ea-8ef2-46b9-861c-170b116d3ddf,Budapest,59.97,13.6,Low,Rainy,2025-01-01 11:09:23
e558abad-8756-4f26-b2f5-6297597bf4c2,Stockholm,10.76,39.61,High,Rainy,2025-01-02 09:16:03
16ce878d-2dac-498d-9ed4-6680d966217c,Athens,32.42,43.37,Medium,Cloudy,2025-01-02 12:37:02
b901d999-c648-4bf0-9fa4-6c6c8d1a5188,Dublin,26.18,30.82,Low,Clear,2025-01-01 22:04:33
0c0811bf-810c-40e4-b8dc-c4b5422181a7,Rome,52.62,25.84,High,Clear,2025-01-02 03:17:05
6ed7189e-b7de-49d4-9b92-a87d28547f52,Stockholm,31.18,8.81,Low,Snowy,2025-01-01 16:23:13
50fb9c95-4d82-42f6-8919-e78bac3494fb,Vienna,11.1,4.09,Low,Rainy,2025-01-02 06:50:23
a36f3832-3b88-41f1-a1a4-09cb239aa1cb,Brussels,39.89,6.76,Low,Cloudy,2025-01-02 17:01:24
d96719e1-9b03-4eef-9cc1-2e8bbd28359f,Rome,47.39,12.14,Low,Rainy,2025-01-01 11:46:15
fff5d54d-75ab-4750-8ec9-1e9c6162f53b,Zurich,5.16,17.74,Low,Clear,2025-01-01 05:13:23
7a3bc646-86f1-4c61-bdfd-043c2dfc5daf,Stockholm,52.24,19.66,Low,Clear,2025-01-02 04:57:02
ff71496c-51d0-4bf3-9305-ca22e155af33,Madrid,15.23,17.97,Low,Cloudy,2025-01-02 20:04:45
65ffbcaf-77c8-405b-9474-e5123364e027,Amsterdam,35.36,12.71,High,Clear,2025-01-02 09:09:47
4977d47a-7d2b-4b62-81f1-e14d86dfb88f,Bucharest,27.87,25.98,High,Cloudy,2025-01-01 21:44:44
02ccea2d-a805-44c4-8517-f1245a6346c4,Bucharest,44.58,41.44,Low,Cloudy,2025-01-01 15:53:10
4ed8b1be-763d-4bdd-ba1a-959af26a300b,Amsterdam,25.41,14.71,High,Rainy,2025-01-01 20:04:02
c07985e4-cb97-4e90-9e31-1719c12d3369,Geneva,52.84,47.18,Low,Cloudy,2025-01-02 23:16:52
1deab8d0-5897-4959-94a4-be7c45266088,Vilnius,45.18,43.79,High,Clear,2025-01-01 06:10:24
de20fcbf-8068-46a5-89ac-81d0a63a4a46,Oslo,40.62,8.93,Medium,Snowy,2025-01-01 21:03:34
ae3bfb74-2af5-4cb1-8ca9-1e5399b341d2,Tallinn,48.79,39.53,Low,Snowy,2025-01-01 18:55:30
c65d7bc3-d4f7-46c9-8067-96a64ad44946,Stockholm,46.47,29.15,Medium,Clear,2025-01-02 23:54:11
cd84d162-44c4-4aed-9119-264b3c746658,Lisbon,6.98,28.76,Low,Snowy,2025-01-02 05:02:09
3076ba7d-063d-4132-bb38-0d48d11cb67c,Bucharest,26.71,20.16,Low,Snowy,2025-01-02 20:39:23
210ee118-3d9f-43f0-8328-52720490957c,London,56.19,25.56,Medium,Cloudy,2025-01-02 04:28:15
9a96aaad-e445-4128-ad5d-ee2e19b84821,Athens,11.91,20.46,Medium,Snowy,2025-01-01 16:03:46
d3fdf96d-11f2-4883-9dbe-5134870baed0,Stockholm,45.54,27.45,Medium,Snowy,2025-01-02 17:33:26
cc8cb7ad-f333-468a-9d52-5abb26b2c32b,Oslo,58.6,31.77,Low,Snowy,2025-01-01 12:27:38
df32883e-6fd9-4287-8a4d-831211e34ec0,Tartu,7.87,34.04,Medium,Rainy,2025-01-01 13:02:47
f3c3375a-4308-46a9-bc86-d5692dc7e6c4,Zurich,42.52,27.09,Medium,Clear,2025-01-02 19:18:59
0bc109c9-49e3-4b64-b865-02f69a96a20f,London,30.75,36.35,High,Cloudy,2025-01-02 06:53:49
db1b7503-de0c-476a-bea8-2cfa32ee67bb,Bucharest,36.85,7.92,High,Snowy,2025-01-01 03:00:54
c6e57972-e663-4cae-8577-3635888f93e8,Budapest,9.69,11.39,Medium,Clear,2025-01-01 20:38:33
a4f1ed42-7cd8-432c-b849-45e15412222e,Bucharest,7.37,41.12,Medium,Snowy,2025-01-01 14:11:48
c7d7912e-4dd3-4ea4-91d4-fc9ca39b5d29,Tallinn,41.68,16.8,Medium,Rainy,2025-01-02 17:52:15
be6a1261-d315-40a2-80c0-40c6197d1297,Copenhagen,50.28,2.12,Medium,Rainy,2025-01-01 21:37:06
2d082004-f28a-4b7c-b4b6-bc1b1e782d6c,Stockholm,48.01,8.54,High,Snowy,2025-01-01 07:44:37
6fc2d34d-11e8-420e-8bc2-5d7fffc76387,Barcelona,34.91,11.96,Low,Snowy,2025-01-01 21:50:30
3816f902-2c4c-4203-916a-42af1dc7cdcb,Oslo,10.49,47.91,Medium,Snowy,2025-01-01 08:44:26
efa9d897-2148-488e-ab84-0f775c6c5866,Amsterdam,42.84,29.08,Medium,Rainy,2025-01-01 07:48:51
3d19ca14-8a35-4a61-a88e-ef541d68c5b5,Copenhagen,18.3,46.7,High,Rainy,2025-01-01 22:19:12
21e7da4f-1297-4bd2-ba84-70fe4042cfe7,Amsterdam,55.11,29.18,Medium,Clear,2025-01-02 23:52:37
c9c25647-c993-4cb5-ab7b-c9197b956547,Lisbon,51.1,24.49,Medium,Cloudy,2025-01-01 08:37:51
e6b96346-8352-4b99-8ddf-c14712555e8a,Tartu,44.02,16.37,High,Cloudy,2025-01-02 21:43:49
7c7faaf0-bbe0-4a98-86e3-a700bb02df30,Brussels,57.19,30.71,Medium,Rainy,2025-01-01 22:57:00
69049c77-8530-4eda-be7a-37199bce39a8,Zurich,6.73,7.82,Medium,Cloudy,2025-01-01 14:41:20
2961d7c0-60b8-43f5-b542-a8d356f4c2f5,Copenhagen,45.49,45.01,High,Snowy,2025-01-02 14:38:13
2ba647c7-071b-4e07-96d8-722d10225150,Madrid,23.16,41.64,Low,Clear,2025-01-01 05:09:01
56a1e0f0-71ef-4b0c-909d-b2f7a0937ece,Prague,54.83,16.56,Medium,Rainy,2025-01-02 12:58:46
9f272565-ab77-4525-baf5-e8cba918be76,Helsinki,19.67,47.69,Medium,Rainy,2025-01-02 15:29:28
cfc41bc6-1a57-47e1-92d7-12fa14affffc,Tallinn,44.87,41.43,Low,Cloudy,2025-01-01 11:59:34
da1d6bff-7066-41dd-bf0c-98b9efccad29,Tallinn,53.27,33.65,High,Snowy,2025-01-02 08:04:30
16d3d19e-28b3-4ec5-a2ba-3995e85496b8,Budapest,7.29,6.97,Low,Clear,2025-01-01 10:10:29
689606e6-b232-47b1-b6fc-9322fe978dbc,Paris,26.87,24.43,Medium,Cloudy,2025-01-02 04:55:00
fe5a53ec-a18a-4735-a618-1a26ca26a910,Stockholm,46.93,25.8,Low,Rainy,2025-01-01 01:41:17
c5b6c25b-8401-4545-95a8-650b5cfe5da6,Madrid,30.02,12.4,High,Rainy,2025-01-01 09:27:54
2a479939-265d-4f7e-9fba-30906616815b,Helsinki,19.7,4.92,Medium,Cloudy,2025-01-02 04:50:53
f8ee757c-3822-4f54-bad8-dc282ede6643,Tallinn,17.09,39.06,High,Snowy,2025-01-02 21:49:00
8071e89e-c119-44e4-b507-5d693690cd5f,Tallinn,12.23,6.98,High,Clear,2025-01-02 17:55:02
778cc165-797d-42c6-9b47-312d4f822ad4,Warsaw,52.14,30.12,Low,Clear,2025-01-02 06:30:11
29dc5050-822b-4565-98ac-b45bfbafa86b,London,36.64,46.89,Low,Clear,2025-01-02 22:08:04
7ff75542-3634-4573-92ce-2dbe8862e9c0,Paris,9.2,43.93,High,Clear,2025-01-01 21:39:12
7ba990e5-d72b-4785-b655-d7a5edd1f6cf,Madrid,26.04,14.61,High,Snowy,2025-01-01 14:45:00
692b59a1-dc1e-4dac-af7f-8f1d2262961d,Barcelona,25.23,42.72,Medium,Rainy,2025-01-02 08:54:27
3abe2334-3d68-4d15-b2e4-05ac7422001b,Madrid,15.0,1.02,High,Rainy,2025-01-02 08:29:34
d6391302-ddf9-40c0-83f5-6a89a2192541,Rome,28.95,1.87,High,Clear,2025-01-01 08:31:37
1057750b-8679-4a15-b188-6d2096256c85,Tartu,23.27,30.53,Low,Clear,2025-01-02 19:39:05
5ad94dc7-31c7-4f29-9ca2-4be4f098631d,Budapest,23.8,18.88,High,Clear,2025-01-02 05:55:56
2e80f4a9-dfed-4def-8f72-7eb7755ea289,Prague,45.65,19.94,High,Cloudy,2025-01-02 02:25:39
4aec1d25-b5d6-42c6-aa95-6da553d5afeb,Helsinki,17.28,28.66,Low,Cloudy,2025-01-01 19:59:23
e94436cd-9fe4-4327-b3e9-6df40950e018,Lisbon,40.3,10.4,Medium,Rainy,2025-01-02 04:33:09
2478ca53-65d4-4549-9a38-a5953d9127a5,Brussels,36.39,11.38,Low,Rainy,2025-01-01 15:19:29
3af84c26-d3c8-4fa2-bea5-32c88bbbf55c,Bucharest,36.25,24.75,Low,Clear,2025-01-02 07:21:27
e99164c0-31b2-48bd-9fed-9568717271f2,Warsaw,41.47,37.96,High,Cloudy,2025-01-02 01:57:55
5a34390f-419e-4264-a435-d3456505431d,Bucharest,35.16,31.36,High,Snowy,2025-01-01 09:32:35
e5bc39c8-b904-4e33-a8f3-dcb1ab3573c5,London,53.36,15.57,Medium,Cloudy,2025-01-01 00:44:43
410592b7-ea76-410d-82da-ed170deb7ddb,Bucharest,42.16,22.09,High,Rainy,2025-01-02 03:24:28
b2af0a23-b157-4a4e-a30d-27822c214c78,Tartu,35.08,9.36,Medium,Cloudy,2025-01-01 20:48:43
df0532dc-6958-477f-ac59-08e659cf2160,Budapest,50.64,4.66,Medium,Rainy,2025-01-01 05:52:57
cea4d69f-4338-44f2-9d82-f11693b3bd54,Berlin,38.34,39.35,Medium,Clear,2025-01-02 18:24:07
7c89d703-777c-4ce2-b839-e07cfeada1d4,Vilnius,21.01,14.0,Medium,Snowy,2025-01-01 23:48:05
aa7af505-0d6a-4645-8a22-4ee521798aaf,Oslo,16.39,9.71,High,Clear,2025-01-01 12:33:45
ab5def46-63d9-4efb-84f5-5b03b2493592,Bucharest,13.38,34.89,Low,Clear,2025-01-02 20:12:39
77c88192-6784-4e99-b7ef-576d993852ec,Geneva,54.47,31.28,Low,Snowy,2025-01-01 09:51:58
148469e3-f631-4c05-853d-d6586325ec24,Prague,44.06,32.03,High,Snowy,2025-01-01 04:58:27
17a843e5-9f09-459d-9adf-52b090e4b873,Barcelona,56.56,12.22,High,Snowy,2025-01-01 09:58:21
9da45892-9457-4fc2-8adc-d34c9014307b,Paris,38.18,12.4,Medium,Rainy,2025-01-02 02:33:37
3f6ff228-e415-4ac6-823b-e023a1e3cc37,Copenhagen,31.04,11.82,High,Clear,2025-01-01 04:27:46
f6826b87-66ba-401c-832f-022f8bb1d92f,Oslo,8.28,9.51,Low,Rainy,2025-01-01 11:09:11
a964cb7d-1ac5-41c4-8f9e-387528b342c8,Dublin,41.94,33.13,High,Snowy,2025-01-02 10:17:24
4bcd81af-049e-47da-be26-da147089fcc8,Geneva,37.02,42.55,High,Rainy,2025-01-02 21:51:57
abad6291-630c-4bcf-b598-b79b73491727,Dublin,59.46,36.49,Medium,Snowy,2025-01-01 13:23:35
20e67008-3a85-4941-8ece-346ef3d60632,Oslo,18.15,39.81,Medium,Cloudy,2025-01-01 22:24:04
cc734af7-536f-4cfd-ae8b-25527d350726,London,34.19,20.84,Medium,Snowy,2025-01-01 05:28:21
66abe475-185c-40d4-8bdf-de6dcaf1be9a,Stockholm,40.8,33.05,Medium,Clear,2025-01-02 20:15:34
6d67e165-7ad3-4898-bf97-05b5e80c45f7,Berlin,40.45,18.36,Low,Clear,2025-01-01 12:09:09
773ff768-8e91-4be0-9f8a-9a1ce970b0a8,Copenhagen,35.87,26.75,High,Clear,2025-01-02 21:48:43
f9140265-a299-407f-8cb7-cf1857eb6541,Helsinki,47.73,24.6,High,Rainy,2025-01-01 02:20:09
f5f1a0aa-a686-47fa-8277-79348b603ee9,Brussels,16.27,9.67,Medium,Clear,2025-01-01 12:08:26
bab94203-603c-4aec-9c28-c66e0bbb1671,Helsinki,44.91,19.97,Low,Snowy,2025-01-01 15:01:35
114f830d-299a-49d1-b17f-47533eaa406f,Amsterdam,39.09,48.23,Low,Cloudy,2025-01-01 13:36:19
c89f60e2-aee2-46fa-b217-2ee93bcfab44,Oslo,54.28,13.18,High,Clear,2025-01-02 06:35:02
7cad39d7-693b-4476-8477-4cf312827743,Prague,51.6,7.56,Medium,Rainy,2025-01-01 23:38:17
38410e73-973d-49a7-a69c-a05499509c72,Brussels,22.33,21.51,High,Cloudy,2025-01-02 15:30:08
c68931d2-d25d-415b-b65a-0eb8cb1aa0a7,Vilnius,20.19,39.73,High,Clear,2025-01-01 10:32:05
c9965ce9-a0bb-4b52-a4e3-e05e087a317b,Copenhagen,58.99,29.53,Low,Clear,2025-01-01 02:04:56
d64f4f5d-f72b-4c18-92d3-33665964384d,Lisbon,34.0,34.37,Low,Cloudy,2025-01-01 06:39:31
6624e821-1f84-4964-8c12-273a1e28bb42,Stockholm,54.85,10.3,High,Clear,2025-01-01 21:58:09
65ba0fda-4131-4621-a0ce-b02e85163298,Madrid,14.01,31.33,Medium,Rainy,2025-01-01 09:23:42
e530942c-a4cf-434a-8fde-251e23939aef,Brussels,40.36,16.85,Medium,Snowy,2025-01-01 13:18:52
93850908-be00-4382-b12b-d95feaf0bd25,Lisbon,49.54,41.88,High,Snowy,2025-01-02 09:31:40
0814b638-e1a3-4858-96e8-344fa3249bf6,Barcelona,57.11,31.84,High,Cloudy,2025-01-01 14:04:24
e39226a8-5805-41fb-a211-f276a39cf0a9,Lisbon,23.55,10.74,Medium,Snowy,2025-01-02 11:57:39
2d496ba1-7e01-4d50-b32a-775d30430218,Dublin,44.87,4.17,Medium,Clear,2025-01-02 23:47:01
6c4dcace-627f-4832-a068-9d986d8450e5,Helsinki,34.63,3.09,Medium,Clear,2025-01-02 04:03:24
96307768-258d-4c26-ba85-ae69fd502c60,Berlin,8.33,19.2,High,Rainy,2025-01-02 19:22:00
8486b599-a299-47a2-a739-3b6b550334f2,Brussels,42.95,14.03,Low,Snowy,2025-01-02 20:40:27
b9dcd95f-4603-47f6-9cd7-a5629d5dc031,Brussels,42.96,32.66,Medium,Cloudy,2025-01-01 09:04:35
35cccf06-e9a0-46f6-b68c-d110c9a30803,Zurich,56.18,25.47,Medium,Clear,2025-01-02 02:30:26
346504e5-d4e7-44d8-91b5-8c64aa21e821,Amsterdam,32.35,14.03,Medium,Cloudy,2025-01-01 13:25:28
3df84b13-f721-48a4-bf67-c5e23e29eae4,Dublin,17.66,8.31,High,Clear,2025-01-02 23:16:41
030cae45-7171-4d84-9f2f-46227415cb6d,Athens,7.45,7.23,Low,Clear,2025-01-01 08:40:54
bc7fdf91-7020-4e88-8089-c977e535c947,Barcelona,27.86,43.37,Low,Rainy,2025-01-02 23:44:05
cb91ad06-23a8-47d6-b3aa-8efd846504ce,Budapest,21.61,12.93,Medium,Snowy,2025-01-01 07:59:06
5087d684-6761-48c9-b20a-5a12cdca25b0,Brussels,46.86,32.93,High,Rainy,2025-01-02 12:16:24
1e9fef43-e68c-4cfa-a926-29712652bf2e,Oslo,24.48,40.72,Low,Snowy,2025-01-02 13:16:05
22afd3d0-b820-493f-9280-7eae1f5b23da,Madrid,57.2,31.09,High,Cloudy,2025-01-02 01:24:10
b8226b0d-d1a0-44b1-95d7-d546fec54bc6,Berlin,57.93,43.12,Low,Snowy,2025-01-01 10:17:34
dd72cf93-20ae-4e39-9b30-29d7a0823940,Budapest,39.15,20.23,Medium,Cloudy,2025-01-01 06:17:40
13f24773-cd4f-436f-91ef-2a39f3c17953,Madrid,56.08,47.85,High,Clear,2025-01-01 21:38:56
90c2f8ec-9f0e-4836-b053-a879cbc0851c,Berlin,46.85,7.52,Medium,Cloudy,2025-01-02 22:58:45
83dcedf8-f88c-45c4-bb7c-b92f129fe06a,Vilnius,35.08,6.01,Low,Cloudy,2025-01-02 07:41:03
813ad56d-122a-474a-84e5-d9d700643f48,Rome,14.92,33.28,Low,Clear,2025-01-01 10:53:40
189728fe-92d6-4922-8523-c2afa5178a52,Zurich,30.22,47.2,Medium,Cloudy,2025-01-02 08:41:08
eb78361c-b6ef-428b-b70a-1fc9af5afaab,Budapest,35.85,40.64,Low,Cloudy,2025-01-02 05:58:55
a845ca24-99e9-4888-b667-53ec0dbbe86f,Bucharest,52.52,4.74,Medium,Clear,2025-01-01 20:03:24
d4e02ff7-eb3b-4e3a-b0e1-d6b74ca7ed58,Vienna,31.47,14.69,Medium,Clear,2025-01-02 10:37:15
d96f6289-b405-4030-9725-575f92b42d03,Amsterdam,54.37,46.59,Medium,Clear,2025-01-02 17:11:38
78c5c701-27d5-4dcd-8e00-c12dbd313907,Geneva,42.09,13.4,Low,Snowy,2025-01-01 07:12:40
ba3d5d94-dfb2-487e-a2e3-9e5e2243cb4c,Stockholm,12.53,39.28,High,Clear,2025-01-01 07:15:26
96559176-0929-4a8d-b7f5-8237cdbef0e3,Helsinki,59.72,41.43,Medium,Clear,2025-01-01 03:29:41
8d09efef-8162-4971-aef7-74c998a475cb,Madrid,34.0,25.28,High,Cloudy,2025-01-02 18:49:57
3b5d12ce-a8e5-46cc-9dbc-e4179e4db74d,Dublin,26.55,19.93,Low,Rainy,2025-01-02 04:03:52
c7c3bc3f-7c7c-44b0-9fde-40f43ae26b97,Zurich,41.25,23.06,Low,Rainy,2025-01-02 00:35:24
52a0d5e0-84f7-4af9-b051-1439a490113b,Geneva,10.99,12.12,High,Snowy,2025-01-02 10:41:09
86a638cb-d1dd-4c59-b37d-6dd8bc56295b,Oslo,40.01,44.58,Medium,Snowy,2025-01-01 17:37:39
643aecf3-6ca3-4082-8322-10761f97b0a7,Geneva,32.4,23.08,Low,Rainy,2025-01-01 17:59:40
3e711cf9-cb4b-4a49-8b6e-d7110ec09317,Lisbon,27.37,44.24,Medium,Rainy,2025-01-02 14:48:08
fc2fd47c-ffdc-4a9b-bbb7-4096789e5080,Amsterdam,57.42,6.18,Medium,Clear,2025-01-01 14:38:44
ecfe45c1-ce27-41b0-8287-4e2ab00d73fc,Dublin,33.74,49.43,High,Cloudy,2025-01-01 07:04:47
6b8b9812-6f6c-483c-bef9-950fbf31a3a0,Vilnius,17.05,22.72,Low,Clear,2025-01-02 06:12:24
266deb68-04c2-4be5-a7ab-61665fe65c68,Barcelona,30.24,3.34,High,Snowy,2025-01-01 06:21:35
7010d902-0e35-4575-a7ae-fce547d0279b,Geneva,55.57,2.86,Low,Rainy,2025-01-01 06:52:24
8feb90ff-f4c9-4047-8038-4017cbc63a8c,London,14.69,37.56,High,Snowy,2025-01-02 16:32:26
c248ed74-3f15-4c3b-8ea4-9830d333034a,Bucharest,16.77,33.29,Low,Clear,2025-01-02 19:02:45
63c358b2-6572-48ac-b2c4-ca39f9a206a5,Vilnius,5.72,40.3,Low,Snowy,2025-01-02 08:08:13
60b07f62-25b0-469f-8da7-f21a3c63f11d,Rome,5.78,6.16,Low,Snowy,2025-01-01 12:58:04
0eff7246-70b6-421e-9c52-2f61b6dfa1b4,Bucharest,50.62,2.74,Medium,Cloudy,2025-01-01 04:34:46
cba023d9-0de8-414b-b797-831e6c3f86f6,Stockholm,45.27,25.92,Medium,Snowy,2025-01-02 14:19:25
20a36fa0-5fb8-48c4-922b-bf0888101a30,Helsinki,24.53,19.99,High,Clear,2025-01-02 17:39:56
71ecfa04-c5dd-4eb8-ab5b-230f73e234c0,Lisbon,43.41,23.64,High,Cloudy,2025-01-02 23:53:44
3b1176c2-11a0-4006-8bba-4eb10ee9b01c,Paris,26.74,49.59,Low,Snowy,2025-01-01 19:18:01
39210227-c82d-45d2-beb4-76006f336cef,Paris,57.41,48.57,Low,Clear,2025-01-02 22:51:46
a756a8cb-7ef8-49e5-9da8-26bad74699a5,Prague,58.19,47.17,Medium,Rainy,2025-01-02 04:35:06
fe32e132-c7a4-453c-a136-7d81fb27afef,Vienna,26.6,39.41,Medium,Cloudy,2025-01-01 12:02:04
8e576aa6-9a20-4ea9-9873-65a624c87132,Madrid,51.98,18.39,Medium,Snowy,2025-01-01 00:54:29
672a813b-f853-4f65-bc73-91b1bef9de40,Berlin,47.52,21.19,High,Snowy,2025-01-02 14:19:26
1470f159-a212-4909-9357-9b792318cdfb,London,22.05,27.93,Medium,Cloudy,2025-01-01 16:33:31
d1f67285-2d88-4807-aa08-74b10daf2066,Bucharest,17.76,41.7,High,Clear,2025-01-01 17:30:12
068a8f36-f0f1-4498-85c3-601e644a8227,Madrid,30.2,4.37,Medium,Snowy,2025-01-01 18:38:10
37b72e0e-8e13-49a4-8934-5a891bf6e1b2,Brussels,47.97,21.79,Medium,Clear,2025-01-01 03:17:54
45c3004c-8af3-46e7-96c1-5e7609dc92cc,Riga,57.81,5.05,Low,Cloudy,2025-01-02 06:38:01
54ddfd94-d0eb-4293-8be7-4015bfb062e3,Vilnius,47.0,26.22,High,Snowy,2025-01-02 05:48:14
1c7688db-05ee-43be-81cd-dc0d1604b22e,Rome,52.04,45.05,Medium,Rainy,2025-01-01 11:55:52
4781bf26-636c-4def-bb78-ef5fd4baa793,Barcelona,38.17,39.34,Low,Rainy,2025-01-01 17:14:05
f18af5dd-6fbb-41c0-986e-d1536e16d22b,Warsaw,50.95,12.16,High,Rainy,2025-01-01 09:26:38
e535ad1a-d02b-4c42-a703-3f6eddff458a,London,48.14,48.82,High,Cloudy,2025-01-01 11:11:11
30bb4aed-12c9-40f5-b2cf-4d25ed0edaae,Berlin,25.73,33.7,Medium,Snowy,2025-01-02 20:08:53
755855c8-c639-4b80-9aa3-a2d7ea252e6f,Prague,35.36,1.51,High,Cloudy,2025-01-02 07:30:32
0f097839-4f7b-4529-ab1b-4d5811f35823,Bucharest,49.26,13.52,Low,Snowy,2025-01-02 07:46:56
df5d37f2-6af8-4531-9137-25b3498d4061,Tartu,7.53,13.77,Low,Rainy,2025-01-02 14:57:29
3eaeef51-22f9-4956-a2f2-14b80a80eacc,Stockholm,49.44,4.39,High,Rainy,2025-01-02 03:44:34
33469917-f9b0-4188-acb2-2dca4faada76,Stockholm,14.78,48.03,Low,Clear,2025-01-02 13:43:12
dc051f63-e82f-47fe-b0e5-a2e420da350f,Riga,33.31,24.43,High,Cloudy,2025-01-01 03:19:03
4afeb845-2065-4e65-b7dd-c09fe76e9421,Budapest,49.46,44.89,Low,Cloudy,2025-01-02 07:41:42
d2c5ce8e-78fe-4eec-a0fd-e89102569fe3,Warsaw,18.96,16.79,High,Clear,2025-01-02 23:41:56
bc25ed65-189b-493c-9519-1cf4acbeb2da,Amsterdam,18.52,7.14,High,Rainy,2025-01-02 19:03:30
e218546e-13f6-4883-be38-304f4b03c305,Barcelona,27.15,24.24,High,Rainy,2025-01-02 02:07:08
07a56dad-79dc-47dd-8fcf-aa4699d08f79,Tallinn,54.21,6.58,Low,Cloudy,2025-01-01 10:01:01
95236d78-24a8-46ff-b428-dc47e7b7383a,Athens,5.02,24.81,High,Snowy,2025-01-02 23:35:52
6bd471ec-c32f-4ff4-a516-037354d3a2e7,Zurich,54.58,46.09,High,Rainy,2025-01-02 00:01:19
7f660868-50a3-4ad7-b49b-c4ac23073731,Brussels,13.46,26.52,Medium,Clear,2025-01-02 21:45:17
7d9352ae-e715-489a-bbde-23230bd94998,Vilnius,59.45,31.21,Medium,Clear,2025-01-02 18:08:28
f30e29f9-3796-4e34-815d-b7d04ffbb776,Dublin,57.52,8.68,High,Clear,2025-01-01 05:41:37
069f985b-8412-4adc-980d-13baddb2a689,Barcelona,32.21,3.14,Medium,Cloudy,2025-01-01 09:33:42
0f316dee-c2a3-402f-b244-5dc79a207627,Oslo,33.2,6.43,High,Cloudy,2025-01-02 01:39:20
5640e427-18cd-4301-879b-db0215d651a1,Oslo,31.49,30.33,Medium,Cloudy,2025-01-02 15:23:44
090484f2-3bcc-4bc2-a095-0a9973f0a9d9,Riga,39.95,5.66,Low,Cloudy,2025-01-01 01:55:42
2cbfc677-612d-4b3d-908a-2b6a3f0c05dd,Budapest,9.99,19.42,Low,Clear,2025-01-02 03:09:22
bf789b40-8623-48e5-bd58-fa0caa78d1b7,Madrid,6.79,27.95,High,Clear,2025-01-02 20:43:42
a83ebc34-e5aa-42db-8933-569a5d338f13,Athens,8.17,20.04,High,Cloudy,2025-01-02 09:55:12
038be841-674f-4600-b310-fd4bc8873f8f,Vilnius,29.44,9.02,Low,Cloudy,2025-01-02 05:33:15
2a1ac368-d88f-40c4-b148-88187b8b88ad,London,20.16,14.42,Low,Clear,2025-01-01 13:03:11
e9f6ec66-bca5-408a-ac33-0a4fefa59913,Bucharest,39.21,46.49,Medium,Cloudy,2025-01-02 16:37:53
ac3e23b0-241d-44ce-8461-67f8e2abf741,Budapest,59.58,34.12,High,Cloudy,2025-01-01 08:32:23
06126399-9f92-418c-ab76-e904bb2f7342,Vilnius,26.25,25.31,Low,Cloudy,2025-01-01 04:45:43
c283c321-69d4-4819-8a36-20473f3df3a3,Helsinki,36.56,1.62,Low,Cloudy,2025-01-01 01:23:51
64c70db6-c504-4444-9963-9714ab139f48,Barcelona,27.86,49.63,High,Rainy,2025-01-02 06:01:17
ceb02dc6-1663-40b7-9903-1ea103b5f175,Barcelona,51.6,33.9,Medium,Cloudy,2025-01-02 01:29:54
61c4ccc9-a426-47e7-a18b-ae441dd79075,Prague,54.62,16.53,Medium,Clear,2025-01-02 13:14:00
6cfa0db4-7210-453c-9be3-21e6f593e1e4,Bucharest,53.25,44.08,Medium,Clear,2025-01-01 06:13:42
177644ff-9f6e-4e26-87b3-743944e76f99,Zurich,58.59,13.66,Medium,Clear,2025-01-02 05:25:18
a73c4979-1678-4408-86cb-963f18d48682,Warsaw,6.51,27.66,Low,Clear,2025-01-01 07:58:35
20c3f88e-8893-4440-980c-845e618ebddf,Berlin,51.19,32.17,High,Cloudy,2025-01-01 19:34:53
1eee1e91-e51a-4937-badd-ef1cb449bd73,Vilnius,46.35,11.83,High,Rainy,2025-01-02 03:58:16
9ec8218f-7025-42fb-a240-00ad50897c27,Tallinn,17.58,48.94,Low,Snowy,2025-01-01 20:14:42
73c2f06d-4891-4436-bd7c-03427951e8ee,Helsinki,57.6,37.66,Low,Snowy,2025-01-01 04:00:21
8c573aae-dbe0-4818-8bb8-a4de0d389218,Barcelona,13.15,28.33,Low,Snowy,2025-01-01 23:41:51
79892743-c4b6-4fec-8d73-6a9cd2ae89ec,Dublin,42.38,9.85,High,Snowy,2025-01-02 16:04:13
c889f41f-a44c-4c49-9347-43d4eedbb0fa,Brussels,17.37,3.64,High,Clear,2025-01-01 19:47:00
afdfb8bb-bd70-4906-b135-f2f1ea5ab7c5,Dublin,28.73,16.68,High,Cloudy,2025-01-01 03:48:48
a45661da-b488-4493-9635-5f072cdbc6c0,Copenhagen,44.55,37.91,Medium,Cloudy,2025-01-02 00:33:47
76fbaf1d-5036-4578-bb7e-f3fbb2ef1f20,Tallinn,35.98,14.2,Low,Snowy,2025-01-02 11:32:07
44ff2b24-59d7-4a35-a08b-c9b61481b4eb,Riga,28.51,27.44,Low,Snowy,2025-01-02 06:46:51
1922bd4a-791a-45c7-99eb-47fd2cb31fbc,Geneva,22.95,36.67,Low,Rainy,2025-01-01 13:57:14
1b44288b-ab60-4b26-8bbd-1a93c65a9c25,Riga,51.18,6.29,High,Rainy,2025-01-02 14:24:46
ee8b8d84-8f88-4b71-b576-8216c9f9775e,Bucharest,12.91,34.58,Low,Rainy,2025-01-02 04:54:37
125ac63d-8eaa-40af-aff6-92c357cbad32,Madrid,28.66,5.5,Low,Clear,2025-01-02 12:50:53
8775e6cc-899b-4616-8229-65798f89b6d4,Barcelona,54.71,48.29,Medium,Cloudy,2025-01-01 10:03:45
470ecb0b-213e-46be-989e-eea657c257dc,Barcelona,51.52,24.93,High,Clear,2025-01-01 01:05:10
8ca58859-4916-4ac2-827e-fed21872ca0f,Vienna,27.05,8.38,Low,Clear,2025-01-02 11:35:45
7351626a-e436-4e58-b2aa-1527240fcfcd,Geneva,46.97,17.78,High,Cloudy,2025-01-02 09:55:06
37fb80b3-b6c2-4dbd-8c89-158de091c1fc,Amsterdam,50.27,21.26,High,Rainy,2025-01-02 17:50:44
ba353029-9c45-454b-8864-f59cf297c5eb,Athens,53.89,38.15,High,Cloudy,2025-01-02 05:22:49
956a9160-47b3-45a8-a6e8-5e6086d7bddb,Geneva,34.95,37.43,Medium,Snowy,2025-01-01 05:32:41
e3d29654-ef77-4c58-b8b8-0b3ec29fe263,Paris,16.25,30.99,High,Rainy,2025-01-01 14:06:43
a9a2701b-6067-4fb2-80d0-131d5eee7ed5,Stockholm,19.04,6.19,High,Cloudy,2025-01-02 16:55:05
a6ae0d47-38b6-4505-8580-e9a042ad3e23,Oslo,21.26,8.43,High,Clear,2025-01-01 18:06:14
77c113f4-a08b-4b19-9c14-e4ab41d784ee,Helsinki,37.66,5.59,Low,Cloudy,2025-01-01 07:14:16
9551fb5b-1388-4714-a27e-c8c77d3d7c2b,Budapest,6.8,29.28,Medium,Rainy,2025-01-01 20:20:00
7076ef42-562d-4b08-a017-ad741981cbbf,Zurich,39.98,43.98,Low,Snowy,2025-01-02 14:32:08
401198cd-6cfc-464b-902b-23d0fb734877,Dublin,25.04,22.26,Medium,Clear,2025-01-02 05:24:18
3da6557b-c5fe-4d34-a422-6970a750180e,Prague,21.24,8.88,Medium,Snowy,2025-01-02 12:25:21
171eac6a-174c-4586-97f9-bbc5559dd5c3,Vienna,53.37,28.34,High,Snowy,2025-01-01 06:22:51
c62205f7-7707-46b3-8165-2c7e548147da,Berlin,30.3,40.78,High,Clear,2025-01-02 18:44:06
242c1560-02b9-4031-959b-d2365cfedfc3,Brussels,10.23,37.34,Low,Cloudy,2025-01-01 14:53:45
02506ffd-707f-4dc8-a852-dbffe1a6feaa,Rome,50.47,44.19,Medium,Cloudy,2025-01-01 05:47:56
d8070552-1fc3-411d-8eb8-74175d4a9813,Vienna,7.62,14.62,High,Snowy,2025-01-01 12:58:41
3c19f09d-1b04-4461-884e-42552fc6799c,Tallinn,44.97,10.5,High,Cloudy,2025-01-01 04:11:41
fde05463-ab58-4329-9841-b2dcd12daae7,Geneva,47.56,44.11,High,Rainy,2025-01-02 07:02:08
8d9bf079-1c13-4c58-8c4f-be2a29e3b27b,Athens,24.39,33.22,High,Snowy,2025-01-02 13:06:11
9910dbd8-7b9b-4704-904d-809455df6caf,Athens,50.36,16.24,Low,Snowy,2025-01-01 15:28:51
dd480252-46e2-4640-ae4f-ab7fc95e707e,Helsinki,33.36,37.38,Low,Snowy,2025-01-01 14:38:03
9fc165c4-1857-44fb-b928-b61d77673467,Amsterdam,30.48,40.94,High,Rainy,2025-01-02 14:55:20
69349fdc-e034-409c-a571-d7805c14e12d,Lisbon,7.5,31.13,High,Snowy,2025-01-01 02:26:12
200950c0-434f-47d4-867b-9359e6a73f53,Dublin,20.95,34.71,High,Cloudy,2025-01-02 13:14:51
9586f76c-b5a5-4a91-a60b-e4f48a740341,Paris,56.21,19.39,High,Cloudy,2025-01-02 08:47:49
a13644d2-c1c8-4e6b-9321-e95874b1e9cc,Madrid,26.55,27.4,High,Cloudy,2025-01-02 03:43:16
ae40e94c-917f-47cb-abc3-eb76da57e524,London,35.07,26.68,Medium,Cloudy,2025-01-01 04:44:23
7e071942-286a-4b05-aa8c-1f3944df500d,Amsterdam,34.26,42.55,Medium,Snowy,2025-01-02 10:57:39
d4079a18-40be-4a0c-aba2-86ad5640918d,Warsaw,37.47,42.16,Medium,Rainy,2025-01-02 01:35:54
cd927ce7-415e-4eae-93cd-758453ebc729,Riga,8.37,41.8,Medium,Clear,2025-01-02 05:07:42
643b8b06-0641-4a23-b254-dbdd2ce33f88,Madrid,24.92,1.54,High,Cloudy,2025-01-02 21:16:06
9535cc6f-e706-4fdd-9eba-6e8923f21da9,Copenhagen,44.77,37.73,Medium,Clear,2025-01-02 19:30:10
af1be6d2-3c38-489a-862a-b3b08a2417c2,Geneva,16.03,38.18,Medium,Clear,2025-01-02 15:34:48
f53c788a-a595-4cf6-a32d-e9d142dbde2a,Warsaw,16.2,34.24,Low,Snowy,2025-01-02 19:45:47
70e321ae-a1bb-472b-96e3-f09eb92ce2ee,Bucharest,5.55,38.06,Medium,Cloudy,2025-01-01 19:38:08
f2cdeafd-9c52-4389-9455-18b5a02597e4,Oslo,29.06,42.26,Medium,Cloudy,2025-01-02 18:20:51
107703ae-d6a3-4fe5-bd8f-ecaa3bfd82d3,Bucharest,53.55,24.05,High,Cloudy,2025-01-01 22:56:25
f367dda7-1973-4f1a-8dfb-c2c9ce3e3940,Warsaw,7.85,25.6,Medium,Clear,2025-01-01 23:54:16
c273312e-566f-4dc2-8d9a-815dce609384,Bucharest,15.51,7.11,Medium,Cloudy,2025-01-01 15:44:40
38634f0d-a740-45c1-ae7a-0d442318c440,Prague,22.05,19.88,High,Cloudy,2025-01-02 10:17:46
e819b3c6-7488-480a-aeed-7e82c9fd9250,Stockholm,45.24,32.52,Medium,Rainy,2025-01-02 08:12:30
ad331fef-3b8b-44a2-ad7d-7bf646e2e14e,Berlin,40.23,39.24,High,Snowy,2025-01-02 08:53:01
40ae4478-5994-43a4-b94f-537c2e373a6d,Oslo,27.88,11.64,Medium,Cloudy,2025-01-01 05:35:27
04b62156-3413-4892-a9ea-814200938da0,Athens,46.75,7.75,Low,Cloudy,2025-01-01 22:40:19
0c607d7f-db74-4b96-a4e5-47d53b856570,Brussels,38.53,33.49,Low,Snowy,2025-01-01 23:57:47
0439347d-300a-498d-a6f4-db0bda1a008e,Berlin,54.28,1.09,Medium,Snowy,2025-01-02 12:36:20
292f2bb2-a6a8-48a2-b20f-213b675ef2b7,Tallinn,49.99,9.74,Low,Clear,2025-01-02 20:59:33
3a94848f-6a69-4f48-9772-e37e18c14a96,Geneva,18.9,2.42,High,Clear,2025-01-02 12:32:23
b0464f5c-2b2d-48c2-9673-5514c9bd19fa,Zurich,19.93,9.18,Medium,Clear,2025-01-01 09:10:56
28e1e1c4-92e6-42c9-82cf-50974bfc26e4,Barcelona,11.89,9.88,High,Snowy,2025-01-02 10:59:18
71d6deae-37f5-42da-bf82-2d0cc831dbbe,Amsterdam,23.53,20.0,Low,Rainy,2025-01-02 17:03:24
af02c3b0-b884-4e8c-a644-3d2e9679760c,Barcelona,59.97,20.71,High,Cloudy,2025-01-01 20:08:27
3a86a4cf-2e38-4482-9d39-1bc2ea30e8ff,Rome,27.32,43.84,Low,Snowy,2025-01-02 08:39:47
d73b5514-85e2-4327-8d06-0766721cf6d5,Helsinki,17.13,26.0,Low,Rainy,2025-01-01 03:36:25
13a42bdc-697f-4eb0-a881-d3223d0624b6,Riga,46.94,36.45,Low,Snowy,2025-01-01 05:25:16
2ab472c2-90bf-4d51-ab94-0b185cd4c680,Prague,34.84,6.1,High,Rainy,2025-01-01 14:00:16
23789004-b7bb-4448-a524-4ab51b041ff2,Budapest,13.23,12.05,Low,Snowy,2025-01-02 12:58:47
0c97ef95-d6c9-4e1b-9546-8657a4c1b7ac,Stockholm,25.94,35.44,Medium,Snowy,2025-01-02 13:33:10
7ba01746-7a6c-4397-ab8c-5b2124ae2222,Vienna,27.8,3.59,Low,Rainy,2025-01-01 02:14:45
f2622d24-486d-4b7b-b08e-5ed7afcb331b,Dublin,46.46,24.84,Medium,Rainy,2025-01-01 14:15:32
24cf0d0a-03c1-42f7-a2d0-2502f29bc531,Tartu,6.14,30.37,Medium,Rainy,2025-01-01 03:35:39
69f25a58-def1-4326-9273-79eff8b07487,London,19.8,30.51,Medium,Rainy,2025-01-02 11:47:12
ef7b3bab-f8f2-4a48-95d7-6508ab919232,Copenhagen,33.47,2.12,Medium,Rainy,2025-01-02 12:01:29
c7f48716-6a0c-4c83-aeb4-d3dfc1b40130,Prague,19.79,16.78,High,Rainy,2025-01-01 04:55:04
c624786e-61ac-419c-bec8-dcae62418ae4,Barcelona,39.56,32.19,Medium,Rainy,2025-01-02 03:22:26
ba08a5c6-887e-4b1f-8881-bd3e73f35337,Stockholm,31.5,8.3,Low,Rainy,2025-01-01 04:32:44
95e84ff7-b436-4ac1-a6b9-d7e082c102d6,Lisbon,24.89,35.08,Medium,Snowy,2025-01-01 02:16:07
8b82db8b-728c-4196-869b-61faa20513b8,Copenhagen,57.21,37.55,Low,Rainy,2025-01-01 20:43:31
2cfc9e2b-c376-49d4-8f33-32324755c7f1,Tallinn,39.77,49.12,High,Rainy,2025-01-01 12:51:17
b0dd6fea-1724-40ce-92b2-2249599af302,Athens,12.15,11.28,Medium,Snowy,2025-01-02 06:13:35
1818541f-f7a4-463c-920a-6948db60391e,Tallinn,35.81,41.43,Low,Snowy,2025-01-01 02:04:52
5b616243-6571-46c7-9314-dd9f3f2dec45,Prague,47.94,26.49,High,Clear,2025-01-01 22:10:53
e0286d11-d0ff-4f17-a29b-c0b446adddef,Vienna,43.97,19.3,High,Clear,2025-01-01 10:21:05
fe01ab53-611e-406a-900c-b6b690603e92,Brussels,14.46,7.0,Low,Rainy,2025-01-02 08:09:56
30aed5a0-2c2e-4821-8f18-2743ec3b56da,Paris,58.48,37.04,Medium,Rainy,2025-01-02 05:03:38
e76662f6-f36e-4734-8ded-180dbf391fb1,Geneva,29.68,12.56,High,Clear,2025-01-02 16:47:09
cbb59cf3-9561-4bc7-9e02-74577763b258,Bucharest,13.75,19.2,Low,Clear,2025-01-02 15:37:14
da903010-660c-4441-b50e-5408afc05219,Dublin,14.91,4.06,Medium,Cloudy,2025-01-02 16:00:22
8cf90d79-ff31-4fc2-9d27-0c9139e36aea,Athens,10.4,40.27,High,Cloudy,2025-01-02 00:42:00
89a22f99-ea9a-4adf-b219-c8efa81b979e,Brussels,49.19,38.56,Low,Rainy,2025-01-01 15:31:49
b9763c09-2108-42a7-964e-7ce42fdbc001,Barcelona,11.71,36.95,High,Cloudy,2025-01-01 14:59:40
c1bf837a-18d2-45cc-8b08-b6e32522300d,Tallinn,11.88,15.67,High,Clear,2025-01-02 15:06:54
afc73c13-dc65-4a17-8318-5b8749bbe90a,Tartu,51.78,9.5,Low,Rainy,2025-01-02 10:54:49
25a8504c-2d26-4f18-aa56-5b5d9f044b06,Berlin,23.95,32.24,High,Snowy,2025-01-01 10:20:39
7f6d2b95-009c-481b-a9cf-fd4b5b87c3d7,Helsinki,6.7,25.31,Low,Snowy,2025-01-01 21:45:51
2225dd42-684b-4dc1-8327-515d14b88284,Tallinn,7.85,9.73,Medium,Clear,2025-01-01 02:12:16
57e76a73-df51-47a0-9d4c-be06f933e7e4,Geneva,12.82,34.61,Low,Cloudy,2025-01-02 23:04:49
ff88aba4-7fea-4db4-aa41-4eced4235be1,Amsterdam,16.74,49.57,Medium,Snowy,2025-01-02 14:12:15
915a2d1d-e8e3-41c5-95d9-7c40121ff30f,Lisbon,41.58,37.61,High,Cloudy,2025-01-02 00:55:09
68ea51d9-7261-4c9c-b83a-fdca9df7401a,Riga,13.65,37.26,Low,Snowy,2025-01-01 03:50:25
e1122e76-61b0-48d8-ad00-622bf19f1b6b,Brussels,11.54,47.57,Low,Cloudy,2025-01-02 16:52:42
72fc86dd-38f2-48c8-9b2b-e009a244a628,Stockholm,47.06,10.94,Low,Snowy,2025-01-01 20:34:37
c6f04803-829a-4994-9410-3c22d01f0a7e,Stockholm,41.91,28.71,Low,Snowy,2025-01-01 17:22:53
a7242161-42a5-4550-995f-9c012228e73d,Riga,28.94,49.0,Medium,Rainy,2025-01-01 07:19:01
34553cdd-9f54-4f9a-af47-3ace8342fc05,Helsinki,35.21,9.1,Medium,Rainy,2025-01-02 12:35:30
888ba9e3-2d88-4a07-9eda-21024f0ea8d2,Geneva,22.16,35.31,High,Clear,2025-01-01 23:09:21
3abebc97-4a5f-4f13-a23a-f2c2f528b3e6,Lisbon,31.54,29.7,High,Snowy,2025-01-02 07:13:19
3d32bba4-b46e-47f1-8941-4a132b748c5b,Stockholm,32.87,29.74,High,Cloudy,2025-01-01 13:05:11
beff1308-5fa8-45aa-85a7-99fa524689f1,Geneva,26.3,35.19,High,Snowy,2025-01-02 09:14:44
8546dda6-e423-410d-8025-6c16015f8b95,Stockholm,54.86,46.55,Low,Cloudy,2025-01-01 08:11:41
299b4841-c5c6-4ba8-ac1b-5ffd510dd8e5,London,5.88,39.35,Medium,Cloudy,2025-01-01 05:18:41
8cee7389-5ac5-4b77-9279-1236e66faa3c,London,48.02,3.75,Medium,Snowy,2025-01-02 22:12:53
59f7b3bb-5065-45ec-a3c2-9cb132cfdcb3,Budapest,11.84,42.78,Medium,Cloudy,2025-01-01 00:09:13
2d57ee72-7442-489d-a97f-f0a59ef81100,Brussels,48.87,12.05,Medium,Clear,2025-01-02 14:30:17
20599bfc-402b-4372-bf56-3400d18beaf6,Geneva,38.88,19.47,High,Rainy,2025-01-02 01:43:27
8cae16fe-174a-4f2b-8571-23a19c8158aa,Rome,51.38,23.62,Low,Cloudy,2025-01-02 12:26:42
5a5558b2-1e9b-4739-9f2d-67499ef8a020,Berlin,10.36,24.56,Medium,Snowy,2025-01-02 23:00:01
f88f9285-e709-42e1-9bca-87260afffa7d,Rome,35.74,22.32,Low,Rainy,2025-01-01 10:37:49
d1f4f435-373c-490b-923c-4f55ba909caf,Tallinn,32.56,46.93,Low,Clear,2025-01-02 18:52:02
a25b0637-e614-467d-b504-03ad3b06f39a,Budapest,43.84,35.59,Low,Cloudy,2025-01-01 17:19:50
f216aed0-5310-4c28-8de6-4f6258f4fa43,Barcelona,34.39,31.93,Low,Cloudy,2025-01-02 12:56:07
5690249e-6682-48e1-b54b-52021e287c61,Barcelona,34.74,3.44,Medium,Rainy,2025-01-01 23:32:11
933ae8d6-47ea-4bfe-a9a4-e20b86f4b9da,Oslo,28.63,45.29,Medium,Cloudy,2025-01-01 16:58:45
14fbc1c2-02e8-4531-b06f-4a5e74869272,Tallinn,21.99,45.56,Medium,Snowy,2025-01-02 12:19:42
c393f815-6ce4-430c-9a81-0f56799570b1,Brussels,31.52,39.23,High,Rainy,2025-01-01 00:27:01
827cc441-1928-4d35-a455-9bef9f03f247,Warsaw,11.52,1.34,Medium,Rainy,2025-01-01 04:28:12
5efe1c6c-a041-4fc9-b135-5d0bb741d987,Tartu,57.88,3.81,High,Cloudy,2025-01-01 20:12:34
aee070a1-f98c-4c47-bdbe-d0c0d3a85e16,Warsaw,44.29,12.04,High,Clear,2025-01-01 21:26:03
e7f8a0bf-d72a-4410-a066-e56f22599379,Vilnius,57.39,7.44,High,Clear,2025-01-02 18:55:13
12fa2a89-4d26-49e4-8962-47af313fec50,Bucharest,17.47,20.54,Medium,Clear,2025-01-02 14:01:30
a3888944-6c1e-4dbe-bb81-63b08cfa373e,Bucharest,53.36,46.21,Medium,Clear,2025-01-01 17:48:53
97adbfe6-13ea-4284-8b7e-e5f00028aa01,Tartu,49.48,24.13,Medium,Rainy,2025-01-02 14:12:45
c740d32b-2b76-467c-859d-6c5cbad10b47,Athens,42.24,1.66,High,Rainy,2025-01-02 18:14:27
8063e2ce-0501-4402-9994-5c5f2df62e57,Athens,39.38,14.85,High,Cloudy,2025-01-02 15:14:32
d0ed0d48-61f6-4382-9f50-2e30787034e2,Helsinki,22.41,3.19,Low,Clear,2025-01-01 15:16:39
9339ee04-9a7c-4a53-9c1f-1d2793e21401,Prague,49.9,2.78,High,Clear,2025-01-02 13:25:31
c67906ec-4d1b-4dec-b692-2210afe1aaf1,Madrid,32.58,14.51,High,Cloudy,2025-01-01 21:36:50
1c3d8efd-680f-47d7-b51b-3ccb92544c77,Tallinn,8.9,14.51,Medium,Cloudy,2025-01-01 07:53:25
0017f78c-e40e-414e-bcea-db4ca50c6369,Athens,22.21,39.57,Low,Cloudy,2025-01-01 13:57:59
e6521161-8233-4490-9296-fcb9f323143f,Madrid,56.44,48.77,Low,Snowy,2025-01-01 08:15:05
78b41d76-f1d0-4127-b742-b08273707ac5,Stockholm,51.79,19.19,Low,Cloudy,2025-01-01 06:40:14
ec7042e6-7fbb-48af-9d0a-92e3c29758cf,Dublin,59.0,22.02,Medium,Cloudy,2025-01-01 14:19:20
f4bfcc66-76e3-446b-9dbe-5fd76651539b,Brussels,39.54,42.39,Low,Snowy,2025-01-02 04:36:45
92839309-695b-4214-9881-e6480a268bcd,Amsterdam,18.61,14.14,Low,Clear,2025-01-01 23:58:20
bda509e2-ed1d-4636-ad1a-86581bad74e6,Vienna,13.95,8.66,Medium,Rainy,2025-01-02 21:59:24
dbab13a0-5e05-449e-8311-a974b64bf9e0,Lisbon,15.28,42.8,Low,Clear,2025-01-01 04:50:04
1f1626a5-2bc6-4f92-99eb-d348c462b2be,Vienna,6.09,3.28,High,Rainy,2025-01-01 04:19:19
253ec07a-b6da-4a3d-b7f0-ed2b68e2d268,Stockholm,26.49,31.37,High,Rainy,2025-01-01 02:39:58
fefc5199-b90a-4942-8244-3a5890a1dd55,Geneva,15.53,28.54,High,Cloudy,2025-01-02 12:14:47
3ce0b422-33be-4553-aa11-447312b08bfa,Rome,27.64,17.95,High,Cloudy,2025-01-01 23:17:47
b376e4c0-02de-4a9f-8102-2b98bd608097,Tartu,56.42,16.44,High,Snowy,2025-01-02 04:59:59
5d14bf8c-dea0-43fb-8cd9-a1332e3fb3af,Paris,28.68,38.82,High,Clear,2025-01-01 08:31:45
30f54133-35f3-4c67-ae05-763b4aa35295,Budapest,53.29,5.23,High,Clear,2025-01-02 04:01:08
a66fa052-9e19-431b-9594-2e75f96e65cc,Vilnius,38.3,12.6,High,Rainy,2025-01-02 23:02:03
012ab9f0-aa59-433f-8481-918a31d49a75,Riga,18.59,36.89,High,Cloudy,2025-01-01 03:46:48
54f37a1f-da82-4a4c-b13e-7263b7a9c119,Tartu,24.57,27.87,Medium,Cloudy,2025-01-02 15:31:32
c8979d0c-e7c0-46cb-9568-7ded8f36c79b,Riga,9.62,7.27,Medium,Clear,2025-01-01 23:29:56
5e36e235-a624-433f-93f1-1a68ef57123d,Prague,23.34,44.22,High,Snowy,2025-01-01 05:24:00
18f4225d-6b10-48ee-9172-9261f5b8e7e7,Tartu,42.26,20.28,Medium,Cloudy,2025-01-01 04:52:11
185bd678-9c14-4d17-a067-f454665654c4,Prague,8.97,41.57,Medium,Snowy,2025-01-02 13:36:00
57aaf016-da80-4c9b-b480-95194481595a,Vienna,16.3,39.6,High,Clear,2025-01-02 22:07:37
acaf1721-d63f-489b-8e0f-b647615b1056,Budapest,25.98,31.6,High,Clear,2025-01-01 09:19:03
a7cf5a00-e815-460c-a1c9-8f2fdfbad763,Tartu,59.01,25.23,Medium,Snowy,2025-01-02 22:03:19
9a3c3789-50bb-4b72-a6e1-6a4d30705f19,Zurich,48.17,49.0,High,Cloudy,2025-01-01 11:37:33
301f96c9-e1d9-406f-a4a9-cb0a3742febc,Dublin,45.34,8.1,High,Clear,2025-01-01 21:39:21
51191768-a7af-42ca-b099-2dc570c6146d,Riga,11.39,36.53,High,Rainy,2025-01-01 23:04:21
652aad82-5e97-49fd-b2e3-e5fb3b08e84a,Tallinn,47.95,10.37,High,Clear,2025-01-02 14:26:22
b8e76a29-a4ba-4d5b-b50f-3f7ec3a793d9,Copenhagen,48.19,17.57,Medium,Cloudy,2025-01-01 07:09:20
6496c40e-6128-4b2c-af8d-7d073e61465d,Vienna,38.06,16.13,Low,Rainy,2025-01-02 17:38:22
14545e9c-1913-499b-a2f0-f6823992e4ad,Lisbon,59.47,47.4,Medium,Clear,2025-01-01 18:53:08
abe74329-e248-4c4c-962e-765a7a0f9dad,London,22.89,48.4,Low,Cloudy,2025-01-02 11:06:00
423974c0-dd28-4a9f-8d6d-a8fef4946290,Budapest,56.77,9.97,Low,Cloudy,2025-01-01 05:18:40
557f7a73-664d-4a44-9864-9cf493adfb08,Brussels,55.31,2.08,Low,Clear,2025-01-02 04:40:59
d2ffaa1b-ac09-4eab-8385-294c3039ede9,Stockholm,5.63,36.28,Medium,Cloudy,2025-01-02 20:18:16
e446edc6-e451-49dd-a8e2-c3d3d4e2cf5d,Oslo,29.76,21.48,Medium,Snowy,2025-01-01 05:45:38
cddaa240-1769-44ff-a155-3f2bbb425f2e,London,58.74,5.35,Medium,Rainy,2025-01-01 23:13:19
09acf20e-92c9-46d3-b1be-703bb6810f70,Copenhagen,10.67,34.5,Medium,Snowy,2025-01-01 16:23:58
c1930b3b-be8d-4529-9db3-9aea86f35333,Brussels,35.13,27.71,Medium,Clear,2025-01-02 17:06:18
0d931734-88c3-41bc-8170-556d913d1185,London,58.84,49.05,Low,Snowy,2025-01-02 19:21:34
4d85ef93-0e7e-4972-93fb-db7515dd52bd,Brussels,35.55,12.14,Medium,Clear,2025-01-02 22:44:42
d215b8f8-8d4e-4d12-a9ad-cf820d09a87b,Zurich,15.44,20.79,Low,Clear,2025-01-01 02:40:41
0c69d6eb-b4d3-4de5-963b-12c4dee171d2,Copenhagen,37.02,27.58,Medium,Cloudy,2025-01-02 09:24:52
cccc2132-88b9-48b4-ab35-05abd934505d,Stockholm,16.24,39.79,Medium,Cloudy,2025-01-01 02:06:18
a2346bf9-f4d7-42e2-97aa-eb0cba04b4a1,Tartu,33.58,27.89,High,Clear,2025-01-03 00:14:54
0187862b-255f-4b48-bb8d-6920fcb88714,Riga,9.07,31.03,Low,Rainy,2025-01-01 17:15:30
d518dc0d-837f-4250-8b05-1f6a919ecfdb,Geneva,38.3,12.08,Medium,Rainy,2025-01-02 12:35:23
a421111e-7ac1-4f4e-97fb-10affcd49bb4,Tartu,33.42,42.5,Medium,Rainy,2025-01-01 06:23:06
f21ae599-12e2-4c4d-a4cc-ff7dc66a2d21,Barcelona,45.71,22.0,Medium,Snowy,2025-01-02 00:03:46
efe974bd-5033-4889-9779-86e1f75ec5df,Paris,39.69,7.91,High,Clear,2025-01-01 14:28:05
4ef9537a-de26-4993-b520-43aa70f66cec,Paris,35.23,33.55,Low,Cloudy,2025-01-01 10:00:36
38b733ea-629e-477e-8748-4625cbf116b4,Amsterdam,42.94,11.59,Medium,Snowy,2025-01-01 08:42:34
37ca4dda-f116-43f0-a393-a51e5bc6b5dd,Paris,12.92,5.78,Medium,Snowy,2025-01-01 13:53:53
d1c58c2c-9b14-4861-b55e-3d519f37a4ae,Budapest,37.74,43.24,Medium,Cloudy,2025-01-01 16:07:06
6a41153c-2492-4df7-b2e3-1f5d6f37af7d,Vienna,14.47,23.55,High,Clear,2025-01-01 19:27:53
08ba2064-5d80-4d5e-989a-36238b795c31,Dublin,55.9,37.71,Medium,Snowy,2025-01-02 21:14:18
abeeb454-bdb3-4aad-8907-99301449041f,Lisbon,8.76,15.24,Low,Clear,2025-01-01 19:06:12
1a1c1f74-11e7-4588-aa75-4f989b132035,Lisbon,28.67,39.56,Low,Clear,2025-01-01 07:59:27
5b4ac194-b2c3-46b3-8ed6-00e881dcd076,Amsterdam,43.27,6.48,Low,Clear,2025-01-01 08:29:51
ad247641-70d5-430c-b73d-690db5fbd542,Paris,30.19,18.44,Low,Cloudy,2025-01-02 02:23:38
ac341812-a510-4baf-8375-1f071654d120,Athens,10.07,48.93,Medium,Clear,2025-01-02 01:48:19
c42b10f8-b992-47cf-862d-4f2bc19eb655,Amsterdam,35.44,39.91,High,Snowy,2025-01-01 02:29:27
7a9e05c3-f62d-44ee-9026-833fb59da3e0,Warsaw,40.29,25.37,High,Cloudy,2025-01-01 21:09:32
c20172c8-08e3-4d22-bde7-580095463545,Oslo,43.71,17.65,High,Cloudy,2025-01-02 02:48:56
ee60738f-38c7-4727-9cbc-0f6f175488b5,Warsaw,25.53,43.73,Medium,Snowy,2025-01-02 18:47:13
4666af27-64fb-4c52-b8cc-e49d80565856,Oslo,36.0,27.7,High,Cloudy,2025-01-02 03:09:11
ae3f5d0e-8440-4afc-951b-7d47be8d2a87,Copenhagen,29.79,38.16,Low,Snowy,2025-01-02 17:25:22
08dce803-73fe-4305-a2da-139e77638df3,Dublin,41.96,37.95,Medium,Rainy,2025-01-01 17:55:43
b20ba11b-f907-44cd-aa0e-40c277136341,Helsinki,37.1,1.88,High,Snowy,2025-01-02 18:50:14
fb79d921-d810-456d-9b5a-8025a72aa1d1,Helsinki,33.92,7.19,Low,Cloudy,2025-01-02 03:39:10
b0055357-08e5-4683-a590-127d225654b3,Prague,18.72,33.32,Low,Snowy,2025-01-01 20:16:15
9159a952-5b83-4c93-a25e-a726665259bb,Bucharest,5.11,8.92,Medium,Rainy,2025-01-01 11:50:20
e0bcf96c-1df5-4df7-9d8d-fdcd2ab6d6dc,Budapest,14.57,13.52,Medium,Clear,2025-01-01 22:53:43
6eaaa566-f6c8-4e2d-acfe-2f57d38fa013,Budapest,11.44,47.39,High,Clear,2025-01-02 17:38:00
8d310f67-ec28-4cff-ba80-87f244110262,Geneva,29.7,28.45,High,Clear,2025-01-02 10:09:45
ce12d7c0-2294-4dfb-9d05-51fa21608688,Stockholm,38.67,37.79,High,Cloudy,2025-01-02 03:06:17
6b08cfca-461c-4850-9f60-a7836513eb22,Prague,16.72,28.34,Medium,Rainy,2025-01-01 12:46:05
fdd9ba45-40fb-40b4-8502-3848968814d0,London,56.65,28.07,High,Snowy,2025-01-02 18:16:14
70b8949e-af0a-434f-98eb-d5175b584c39,Athens,5.37,5.61,High,Snowy,2025-01-02 12:32:57
c85d667a-cc98-46d2-959f-6bbc98a81ca8,Geneva,47.48,17.84,Low,Snowy,2025-01-02 20:37:45
e48bf755-7721-4f9f-ab29-2a2c3c0c7ec4,Riga,39.39,14.84,Low,Snowy,2025-01-02 01:03:05
10aa0795-3bf9-4522-8462-98ba154c27ee,Tallinn,25.55,20.15,Low,Cloudy,2025-01-02 03:20:22
9b124ec1-3406-4238-a2ce-c4dc494e8dcd,Stockholm,7.78,40.12,High,Cloudy,2025-01-01 06:37:29
d3e0ed77-7464-4393-83a9-ce9812b9a4fa,Berlin,39.51,19.22,Medium,Rainy,2025-01-01 03:47:50
7a6ac86e-6be7-4469-83e1-0b3499361244,Madrid,26.21,23.13,Low,Snowy,2025-01-01 14:18:45
6726c438-f74c-4494-b0b7-c7de5136a358,Bucharest,56.49,20.47,Medium,Clear,2025-01-01 19:42:24
519f92ec-ba12-4671-a104-2797a2f0876b,Rome,34.81,5.58,High,Cloudy,2025-01-02 03:31:38
beb2545e-50a7-41fc-8682-f6bca4784932,Tartu,56.68,22.61,High,Rainy,2025-01-02 05:18:16
f40b8b5c-6310-4d4f-9a7c-048ca84e76f2,Brussels,17.13,10.58,Low,Rainy,2025-01-01 12:36:07
adfd4c3b-eb11-43f0-8363-d77e6d0b2599,Rome,44.91,10.15,Medium,Cloudy,2025-01-01 01:13:51
e1abd8fe-cc5a-4ac6-9443-a5c76bd735e8,Bucharest,38.95,5.61,Low,Clear,2025-01-02 20:19:07
15e9083a-2109-4e9c-8c1f-8adc454bf138,Barcelona,45.67,18.48,High,Clear,2025-01-01 09:54:06
56f439b9-28fe-4f03-86d4-85fcfe52a939,Berlin,16.81,38.12,Medium,Snowy,2025-01-01 04:43:09
4c95c029-5d15-4275-9564-1bd332e51829,Bucharest,41.57,14.55,Low,Cloudy,2025-01-01 01:55:42
daf77369-7887-4a31-9da8-ced1c16ef121,Dublin,32.39,16.31,High,Clear,2025-01-01 12:31:06
49490c2a-5a5f-470b-9213-a7831f40ba60,Vienna,45.86,32.49,Low,Cloudy,2025-01-02 20:27:15
6f89ef02-135f-4160-96bf-1829d2805ba3,Dublin,22.99,10.6,Medium,Rainy,2025-01-01 15:05:00
c249dea5-a812-4ef3-bb14-59cbf01ca5e9,Athens,53.95,44.95,Medium,Rainy,2025-01-01 22:36:04
d9135245-1c46-40a8-9fb0-d2a0c1ce30fe,Vienna,9.64,26.49,Medium,Rainy,2025-01-01 00:37:15
69e984e6-75a6-439c-a306-7d846817088f,Copenhagen,49.4,22.93,Medium,Cloudy,2025-01-01 04:11:46
6db642a7-ef80-4748-b5ad-8aa7903e6773,Paris,52.37,28.33,Medium,Snowy,2025-01-02 12:29:48
1ce6cfb5-e12e-4273-9610-f3460a0fdf67,Amsterdam,49.95,9.14,Low,Snowy,2025-01-01 23:51:03
f92ab77f-2960-4d0c-ad3b-0566a33c8737,Brussels,33.2,31.06,Low,Clear,2025-01-01 03:30:44
1b06c6f4-853a-4fc3-9d90-5f640ef14a3c,Bucharest,29.11,18.79,Low,Cloudy,2025-01-02 22:28:50
c077ba6f-e7c3-4af5-b79d-9a7838be771b,Oslo,59.79,44.96,Low,Snowy,2025-01-01 01:26:13
9dc565b5-59aa-4cdf-a813-137699e131da,Tallinn,17.6,9.27,High,Cloudy,2025-01-01 16:12:24
d8ccfed9-2c01-4bb6-884d-37a36dc2b772,Warsaw,35.08,25.85,High,Snowy,2025-01-02 07:16:22
bafb6714-f550-44f3-a316-87a44257d245,Brussels,41.89,30.31,Low,Rainy,2025-01-02 13:40:01
f23fee58-8d42-4714-9b7b-64fbbe63df76,Helsinki,43.55,2.64,High,Rainy,2025-01-01 02:18:43
ae595a1f-8dd9-402f-bc57-4fa7f115d45f,Zurich,16.22,18.82,High,Clear,2025-01-01 14:26:17
35011eeb-8ad5-4ab2-acbc-16aadad57e57,Vienna,40.97,36.9,Medium,Rainy,2025-01-02 10:19:04
8ae2a24b-3b29-4f88-8954-4ad1f42f5c3b,Vienna,50.01,41.2,Low,Snowy,2025-01-01 11:57:47
885aa7cf-33f8-4491-abee-62a5c233380a,Copenhagen,7.75,16.34,High,Clear,2025-01-01 19:14:07
092f7ec7-8560-45fb-aeb9-6e1ce5096690,Athens,55.13,40.13,High,Clear,2025-01-01 19:12:41
decc893f-a9b1-483c-9b54-12ca289725c6,Rome,6.62,48.42,Low,Rainy,2025-01-02 01:29:37
18c1347f-57a2-4382-a23d-ca326965d81f,Bucharest,24.58,42.99,Medium,Cloudy,2025-01-02 06:25:07
c4123737-24a3-4911-b543-0e227d369624,Lisbon,5.87,6.76,Low,Rainy,2025-01-01 18:54:35
d5baf840-9a79-4218-ab52-302ca7b75a42,Rome,9.24,37.25,Medium,Rainy,2025-01-02 21:02:37
9c040afa-2337-4c8e-b74e-92022b609fd9,Copenhagen,55.11,16.66,High,Clear,2025-01-01 05:55:53
d59aca20-6799-439d-be01-fbb5e3fa0792,Tartu,24.52,49.43,Medium,Rainy,2025-01-02 00:19:23
0f62f592-02a9-4eb6-8985-c3c781a787bb,Barcelona,28.36,24.78,Medium,Snowy,2025-01-01 09:33:20
cd6f72d0-d672-456f-98a1-8f90bfc2daff,Bucharest,16.84,7.0,Low,Clear,2025-01-01 19:25:59
900a4f70-4736-4f9a-a2b9-8979751cd9b3,Rome,37.84,36.53,High,Rainy,2025-01-01 00:11:04
e780cb08-fbc4-4d6c-b763-dcbf0c22da66,Copenhagen,37.71,16.83,Low,Cloudy,2025-01-01 06:02:00
e69a5193-b942-4359-82b4-c7eb19a77ce9,Budapest,25.47,49.86,Low,Snowy,2025-01-01 05:26:08
b3c0c4c3-e19b-4664-8aeb-2116c68c4622,Vilnius,23.32,49.01,High,Cloudy,2025-01-02 17:38:54
4a9b8153-6f05-4f85-a3ba-bec5620705bd,Helsinki,53.67,33.15,Low,Snowy,2025-01-01 21:04:22
0c331679-0a96-4069-a1a0-8dfe3a61a33c,Vienna,26.08,7.36,Low,Cloudy,2025-01-01 23:37:29
